,App ID,Game Name,Game Link
0,1250,Killing Floor,https://steamdb.info/app/1250/
1,2100,Dark Messiah of Might & Magic,https://steamdb.info/app/2100/
2,2360,Hexen: Beyond Heretic,https://steamdb.info/app/2360/
3,2390,Heretic: Shadow of the Serpent Riders,https://steamdb.info/app/2390/
4,2990,FlatOut 2‚Ñ¢,https://steamdb.info/app/2990/
5,3010,Xpand Rally,https://steamdb.info/app/3010/
6,3130,Men of War: Red Tide,https://steamdb.info/app/3130/
7,3710,Judge Dredd: Dredd vs. Death,https://steamdb.info/app/3710/
8,3720,Evil Genius,https://steamdb.info/app/3720/
9,3730,Aliens versus Predator Classic 2000,https://steamdb.info/app/3730/
10,3900,Sid Meier's Civilization¬Æ IV,https://steamdb.info/app/3900/
11,6220,FlatOut,https://steamdb.info/app/6220/
12,6300,Dreamfall: The Longest Journey,https://steamdb.info/app/6300/
13,6310,The Longest Journey,https://steamdb.info/app/6310/
14,6420,Nexus - The Jupiter Incident,https://steamdb.info/app/6420/
15,6870,Battlestations: Midway,https://steamdb.info/app/6870/
16,6880,Just Cause,https://steamdb.info/app/6880/
17,6980,Thief: Deadly Shadows,https://steamdb.info/app/6980/
18,7000,Tomb Raider: Legend,https://steamdb.info/app/7000/
19,7010,Project: Snowblind,https://steamdb.info/app/7010/
20,7830,Men of War‚Ñ¢,https://steamdb.info/app/7830/
21,8000,Tomb Raider: Anniversary,https://steamdb.info/app/8000/
22,8140,Tomb Raider: Underworld,https://steamdb.info/app/8140/
23,8190,Just Cause 2,https://steamdb.info/app/8190/
24,8930,Sid Meier's Civilization¬Æ V,https://steamdb.info/app/8930/
25,9350,Supreme Commander,https://steamdb.info/app/9350/
26,9420,Supreme Commander: Forged Alliance,https://steamdb.info/app/9420/
27,9940,Blade Kitten,https://steamdb.info/app/9940/
28,11340,Larva Mortus,https://steamdb.info/app/11340/
29,11480,Soldiers: Heroes of World War II,https://steamdb.info/app/11480/
30,12150,Max Payne 2: The Fall of Max Payne,https://steamdb.info/app/12150/
31,12200,Bully: Scholarship Edition,https://steamdb.info/app/12200/
32,12210,Grand Theft Auto IV: The Complete Edition,https://steamdb.info/app/12210/
33,12320,Sacred Gold,https://steamdb.info/app/12320/
34,12360,FlatOut: Ultimate Carnage Collector's Edition,https://steamdb.info/app/12360/
35,12900,AudioSurf,https://steamdb.info/app/12900/
36,13530,Prince of Persia: The Two Thrones‚Ñ¢,https://steamdb.info/app/13530/
37,13600,Prince of Persia¬Æ: The Sands of Time,https://steamdb.info/app/13600/
38,15170,Heroes of Might & Magic V,https://steamdb.info/app/15170/
39,15370,Heroes of Might & Magic V: Tribes of the East,https://steamdb.info/app/15370/
40,16810,Sid Meier's Civilization IV: Colonization,https://steamdb.info/app/16810/
41,19980,Prince of Persia¬Æ,https://steamdb.info/app/19980/
42,20900,The Witcher: Enhanced Edition Director's Cut,https://steamdb.info/app/20900/
43,20920,The Witcher 2: Assassins of Kings Enhanced Edition,https://steamdb.info/app/20920/
44,22130,Hearts of Iron 2 Complete,https://steamdb.info/app/22130/
45,24400,King Arthur - The Role-playing Wargame,https://steamdb.info/app/24400/
46,25800,Europa Universalis III Complete,https://steamdb.info/app/25800/
47,25830,Knights of Honor,https://steamdb.info/app/25830/
48,25890,Hearts of Iron III,https://steamdb.info/app/25890/
49,25980,Majesty 2,https://steamdb.info/app/25980/
50,25990,Majesty Gold HD,https://steamdb.info/app/25990/
51,31170,Tales of Monkey Island: Complete Season,https://steamdb.info/app/31170/
52,31270,Puzzle Agent,https://steamdb.info/app/31270/
53,34600,Order of War‚Ñ¢,https://steamdb.info/app/34600/
54,35000,Mini Ninjas,https://steamdb.info/app/35000/
55,35130,Lara Croft and the Guardian of Light,https://steamdb.info/app/35130/
56,38600,Faerie Solitaire,https://steamdb.info/app/38600/
57,39190,Dungeon Siege,https://steamdb.info/app/39190/
58,39200,Dungeon Siege II,https://steamdb.info/app/39200/
59,40100,Supreme Commander 2,https://steamdb.info/app/40100/
60,40400,AI War: Fleet Command,https://steamdb.info/app/40400/
61,40950,Stronghold HD (2012),https://steamdb.info/app/40950/
62,40960,Stronghold 2: Steam Edition,https://steamdb.info/app/40960/
63,40970,Stronghold Crusader HD,https://steamdb.info/app/40970/
64,40980,Stronghold Legends: Steam Edition,https://steamdb.info/app/40980/
65,41500,Torchlight,https://steamdb.info/app/41500/
66,42890,Sword of the Stars: Complete Collection,https://steamdb.info/app/42890/
67,42910,Magicka,https://steamdb.info/app/42910/
68,42960,Victoria II,https://steamdb.info/app/42960/
69,61500,Age of Wonders,https://steamdb.info/app/61500/
70,61520,Age of Wonders Shadow Magic,https://steamdb.info/app/61520/
71,63940,Men of War: Vietnam,https://steamdb.info/app/63940/
72,64000,Men of War: Assault Squad,https://steamdb.info/app/64000/
73,73010,Cities in Motion,https://steamdb.info/app/73010/
74,73170,Darkest Hour: A Hearts of Iron Game,https://steamdb.info/app/73170/
75,91600,Sanctum,https://steamdb.info/app/91600/
76,94590,Puzzle Agent 2,https://steamdb.info/app/94590/
77,102600,Orcs Must Die!,https://steamdb.info/app/102600/
78,107200,Space Pirates and Zombies,https://steamdb.info/app/107200/
79,110800,L.A. Noire,https://steamdb.info/app/110800/
80,111600,Serious Sam Double D XXL,https://steamdb.info/app/111600/
81,113020,Monaco: What's Yours Is Mine,https://steamdb.info/app/113020/
82,200010,Quantum Conundrum,https://steamdb.info/app/200010/
83,200370,A Game of Dwarves,https://steamdb.info/app/200370/
84,200710,Torchlight II,https://steamdb.info/app/200710/
85,201790,Orcs Must Die! 2,https://steamdb.info/app/201790/
86,203160,Tomb Raider,https://steamdb.info/app/203160/
87,203630,Warlock - Master of the Arcane,https://steamdb.info/app/203630/
88,204100,Max Payne 3,https://steamdb.info/app/204100/
89,204860,Men of War: Condemned Heroes,https://steamdb.info/app/204860/
90,204880,Sins of a Solar Empire¬Æ: Rebellion,https://steamdb.info/app/204880/
91,205990,Warlock 2: The Exiled,https://steamdb.info/app/205990/
92,207170,Legend of Grimrock,https://steamdb.info/app/207170/
93,207930,Sacred Citadel,https://steamdb.info/app/207930/
94,208140,ENDLESS‚Ñ¢ Space - Definitive Edition,https://steamdb.info/app/208140/
95,210770,Sanctum 2,https://steamdb.info/app/210770/
96,211260,They Bleed Pixels,https://steamdb.info/app/211260/
97,211600,Thief‚Ñ¢ Gold,https://steamdb.info/app/211600/
98,211740,Thief‚Ñ¢ II: The Metal Age,https://steamdb.info/app/211740/
99,211780,Conflict Desert Storm‚Ñ¢,https://steamdb.info/app/211780/
100,212680,FTL: Faster Than Light,https://steamdb.info/app/212680/
101,219150,Hotline Miami,https://steamdb.info/app/219150/
102,219740,Don't Starve,https://steamdb.info/app/219740/
103,220460,Cargo Commander,https://steamdb.info/app/220460/
104,220780,Thomas Was Alone,https://steamdb.info/app/220780/
105,222160,"Hamlet or the Last Game without MMORPG Features, Shaders and Product Placement",https://steamdb.info/app/222160/
106,223220,Giana Sisters: Twisted Dreams,https://steamdb.info/app/223220/
107,223330,Sea Dogs: To Each His Own,https://steamdb.info/app/223330/
108,223510,Miasmata,https://steamdb.info/app/223510/
109,224300,Legacy of Kain: Defiance,https://steamdb.info/app/224300/
110,224940,Legacy of Kain: Soul Reaver 2,https://steamdb.info/app/224940/
111,224980,Tomb Raider IV: The Last Revelation,https://steamdb.info/app/224980/
112,225000,Tomb Raider V: Chronicles,https://steamdb.info/app/225000/
113,225280,Full Mojo Rampage,https://steamdb.info/app/225280/
114,225540,Just Cause‚Ñ¢ 3,https://steamdb.info/app/225540/
115,225640,Sacred 2 Gold,https://steamdb.info/app/225640/
116,226120,Weird Worlds: Return to Infinite Space,https://steamdb.info/app/226120/
117,226620,Desktop Dungeons,https://steamdb.info/app/226620/
118,226840,Age of Wonders III,https://steamdb.info/app/226840/
119,226860,Galactic Civilizations III,https://steamdb.info/app/226860/
120,227300,Euro Truck Simulator 2,https://steamdb.info/app/227300/
121,229520,Dungeon Hearts,https://steamdb.info/app/229520/
122,231740,Knights of Pen and Paper +1 Edition,https://steamdb.info/app/231740/
123,232010,Euro Truck Simulator,https://steamdb.info/app/232010/
124,232090,Killing Floor 2,https://steamdb.info/app/232090/
125,232890,Stronghold Crusader 2,https://steamdb.info/app/232890/
126,233150,LUFTRAUSERS,https://steamdb.info/app/233150/
127,233290,Murdered: Soul Suspect,https://steamdb.info/app/233290/
128,233450,Prison Architect,https://steamdb.info/app/233450/
129,233700,Sword of the Stars: The Pit,https://steamdb.info/app/233700/
130,234390,Teleglitch: Die More Edition,https://steamdb.info/app/234390/
131,234650,Shadowrun Returns,https://steamdb.info/app/234650/
132,235250,Super Sanctum TD,https://steamdb.info/app/235250/
133,236850,Europa Universalis IV,https://steamdb.info/app/236850/
134,237430,Expeditions: Conquistador,https://steamdb.info/app/237430/
135,238370,Magicka 2,https://steamdb.info/app/238370/
136,238910,Bionic Dues,https://steamdb.info/app/238910/
137,239140,Dying Light,https://steamdb.info/app/239140/
138,239160,Thief,https://steamdb.info/app/239160/
139,239350,Spelunky,https://steamdb.info/app/239350/
140,241600,Rogue Legacy,https://steamdb.info/app/241600/
141,242050,Assassin‚Äôs Creed¬Æ IV Black Flag‚Ñ¢,https://steamdb.info/app/242050/
142,242940,Anachronox,https://steamdb.info/app/242940/
143,242960,Blood Omen 2: Legacy of Kain,https://steamdb.info/app/242960/
144,243000,Omikron: The Nomad Soul,https://steamdb.info/app/243000/
145,243470,Watch_Dogs‚Ñ¢,https://steamdb.info/app/243470/
146,243970,"Invisible, Inc.",https://steamdb.info/app/243970/
147,244450,Men of War: Assault Squad 2,https://steamdb.info/app/244450/
148,247080,Crypt of the NecroDancer,https://steamdb.info/app/247080/
149,248800,Dysfunctional Systems: Learning to Manage Chaos,https://steamdb.info/app/248800/
150,248820,Risk of Rain (2013),https://steamdb.info/app/248820/
151,248860,NEO Scavenger,https://steamdb.info/app/248860/
152,249050,Dungeon of the ENDLESS‚Ñ¢,https://steamdb.info/app/249050/
153,250320,The Wolf Among Us,https://steamdb.info/app/250320/
154,250460,Bridge Constructor,https://steamdb.info/app/250460/
155,250500,Super Amazing Wagon Adventure,https://steamdb.info/app/250500/
156,250680,BELOW,https://steamdb.info/app/250680/
157,251230,Livelock,https://steamdb.info/app/251230/
158,251430,The Inner World,https://steamdb.info/app/251430/
159,251730,Legend of Grimrock 2,https://steamdb.info/app/251730/
160,251990,Long Live The Queen,https://steamdb.info/app/251990/
161,252110,Lovers in a Dangerous Spacetime,https://steamdb.info/app/252110/
162,252310,Syder Arcade,https://steamdb.info/app/252310/
163,252610,Death Road to Canada,https://steamdb.info/app/252610/
164,253030,Race The Sun,https://steamdb.info/app/253030/
165,253230,A Hat in Time,https://steamdb.info/app/253230/
166,254320,Duskers,https://steamdb.info/app/254320/
167,255070,Abyss Odyssey,https://steamdb.info/app/255070/
168,255710,Cities: Skylines,https://steamdb.info/app/255710/
169,256290,Child of Light,https://steamdb.info/app/256290/
170,257120,Not The Robots,https://steamdb.info/app/257120/
171,257170,Rebuild 3: Gangs of Deadsville,https://steamdb.info/app/257170/
172,257510,The Talos Principle,https://steamdb.info/app/257510/
173,258050,Survivor Squad,https://steamdb.info/app/258050/
174,258760,Scania Truck Driving Simulator,https://steamdb.info/app/258760/
175,259550,Hero of the Kingdom,https://steamdb.info/app/259550/
176,259600,Finding Teddy,https://steamdb.info/app/259600/
177,259680,Tales of Maj'Eyal,https://steamdb.info/app/259680/
178,260190,Marc Eck≈ç's Getting Up: Contents Under Pressure,https://steamdb.info/app/260190/
179,261530,Lifeless Planet Premier Edition,https://steamdb.info/app/261530/
180,262060,Darkest Dungeon¬Æ,https://steamdb.info/app/262060/
181,263360,3089 -- Futuristic Action RPG,https://steamdb.info/app/263360/
182,263400,War of the Human Tanks,https://steamdb.info/app/263400/
183,264140,Pixel Piracy,https://steamdb.info/app/264140/
184,264160,WazHack,https://steamdb.info/app/264160/
185,264200,One Finger Death Punch,https://steamdb.info/app/264200/
186,264300,Guns n Zombies,https://steamdb.info/app/264300/
187,264730,Deadly 30,https://steamdb.info/app/264730/
188,265990,Rogue's Tale,https://steamdb.info/app/265990/
189,266010,LYNE,https://steamdb.info/app/266010/
190,266210,One Way Heroics,https://steamdb.info/app/266210/
191,268130,Heat Signature,https://steamdb.info/app/268130/
192,268240,Mechanic Escape,https://steamdb.info/app/268240/
193,268750,Magicite,https://steamdb.info/app/268750/
194,269210,Hero Siege,https://steamdb.info/app/269210/
195,269310,Infectonator: Survivors,https://steamdb.info/app/269310/
196,269710,Tumblestone,https://steamdb.info/app/269710/
197,269790,DreadOut,https://steamdb.info/app/269790/
198,270050,Quest of Dungeons,https://steamdb.info/app/270050/
199,270210,Melody's Escape,https://steamdb.info/app/270210/
200,270880,American Truck Simulator,https://steamdb.info/app/270880/
201,271360,Industry Giant 2,https://steamdb.info/app/271360/
202,271590,Grand Theft Auto V,https://steamdb.info/app/271590/
203,273500,Over 9000 Zombies!,https://steamdb.info/app/273500/
204,274170,Hotline Miami 2: Wrong Number,https://steamdb.info/app/274170/
205,274190,Broforce,https://steamdb.info/app/274190/
206,274230,RONIN,https://steamdb.info/app/274230/
207,274250,OlliOlli,https://steamdb.info/app/274250/
208,274270,NOT A HERO,https://steamdb.info/app/274270/
209,274290,Gods Will Be Watching,https://steamdb.info/app/274290/
210,274350,Dropsy,https://steamdb.info/app/274350/
211,274500,Brigador: Up-Armored Edition,https://steamdb.info/app/274500/
212,275470,Chip,https://steamdb.info/app/275470/
213,275530,Z,https://steamdb.info/app/275530/
214,278360,A Story About My Uncle,https://steamdb.info/app/278360/
215,281990,Stellaris,https://steamdb.info/app/281990/
216,282800,100% Orange Juice,https://steamdb.info/app/282800/
217,283160,House of the Dying Sun,https://steamdb.info/app/283160/
218,285500,Hard Truck Apocalypse / Ex Machina,https://steamdb.info/app/285500/
219,285800,Braveland,https://steamdb.info/app/285800/
220,286320,Oknytt,https://steamdb.info/app/286320/
221,289130,ENDLESS‚Ñ¢ Legend,https://steamdb.info/app/289130/
222,289300,Faces of War,https://steamdb.info/app/289300/
223,289620,Collapse,https://steamdb.info/app/289620/
224,289690,LARA CROFT AND THE TEMPLE OF OSIRIS‚Ñ¢,https://steamdb.info/app/289690/
225,292030,The Witcher¬Æ 3: Wild Hunt,https://steamdb.info/app/292030/
226,293180,Overcast - Walden and the Werewolf,https://steamdb.info/app/293180/
227,294370,Crowntakers,https://steamdb.info/app/294370/
228,296470,Mount Your Friends,https://steamdb.info/app/296470/
229,296710,Monstrum,https://steamdb.info/app/296710/
230,296970,Renowned Explorers: International Society,https://steamdb.info/app/296970/
231,297110,Cosmic DJ,https://steamdb.info/app/297110/
232,297130,Titan Souls,https://steamdb.info/app/297130/
233,297920,Space Colony: Steam Edition,https://steamdb.info/app/297920/
234,298480,Victory At Sea,https://steamdb.info/app/298480/
235,299480,Rogue Stormers,https://steamdb.info/app/299480/
236,300550,Shadowrun: Dragonfall - Director's Cut,https://steamdb.info/app/300550/
237,301650,Battlezone 98 Redux,https://steamdb.info/app/301650/
238,301840,City of Brass,https://steamdb.info/app/301840/
239,302060,Trucks & Trailers,https://steamdb.info/app/302060/
240,302080,Bus Driver,https://steamdb.info/app/302080/
241,303800,The Witcher Adventure Game,https://steamdb.info/app/303800/
242,304730,Train Fever,https://steamdb.info/app/304730/
243,305380,Blue Estate The Game,https://steamdb.info/app/305380/
244,305640,Shattered Planet,https://steamdb.info/app/305640/
245,305940,Project AURA,https://steamdb.info/app/305940/
246,307110,We Need To Go Deeper,https://steamdb.info/app/307110/
247,307690,Sleeping Dogs: Definitive Edition,https://steamdb.info/app/307690/
248,308060,Black The Fall,https://steamdb.info/app/308060/
249,310060,Knights of Pen and Paper 2,https://steamdb.info/app/310060/
250,311190,Super Panda Adventures,https://steamdb.info/app/311190/
251,311690,Enter the Gungeon,https://steamdb.info/app/311690/
252,311720,Sproggiwood,https://steamdb.info/app/311720/
253,312200,Chasm,https://steamdb.info/app/312200/
254,314410,Rampage Knights,https://steamdb.info/app/314410/
255,317510,Beyond Gravity,https://steamdb.info/app/317510/
256,318600,The Flame in the Flood,https://steamdb.info/app/318600/
257,319850,Bridge Constructor Medieval,https://steamdb.info/app/319850/
258,320040,Moon Hunters,https://steamdb.info/app/320040/
259,321800,Icewind Dale: Enhanced Edition,https://steamdb.info/app/321800/
260,324740,The Warlock of Firetop Mountain,https://steamdb.info/app/324740/
261,326410,Windward,https://steamdb.info/app/326410/
262,326840,Heart&Slash,https://steamdb.info/app/326840/
263,328760,SanctuaryRPG: Black Edition,https://steamdb.info/app/328760/
264,329860,Catlateral Damage,https://steamdb.info/app/329860/
265,331440,bit Dungeon II,https://steamdb.info/app/331440/
266,331670,The Jackbox Party Pack,https://steamdb.info/app/331670/
267,331690,Crossing Souls,https://steamdb.info/app/331690/
268,333300,ADOM (Ancient Domains Of Mystery),https://steamdb.info/app/333300/
269,334310,Plebby Quest: The Crusades,https://steamdb.info/app/334310/
270,334420,Out There: Œ© Edition,https://steamdb.info/app/334420/
271,335190,200% Mixed Juice!,https://steamdb.info/app/335190/
272,335620,Star Traders: Frontiers,https://steamdb.info/app/335620/
273,337320,Paint the Town Red,https://steamdb.info/app/337320/
274,338320,Pixel Heroes: Byte & Magic,https://steamdb.info/app/338320/
275,339200,Oceanhorn: Monster of Uncharted Seas,https://steamdb.info/app/339200/
276,339400,Runestone Keeper,https://steamdb.info/app/339400/
277,340520,Tallowmere,https://steamdb.info/app/340520/
278,341800,Keep Talking and Nobody Explodes,https://steamdb.info/app/341800/
279,343100,Overture,https://steamdb.info/app/343100/
280,343360,Particula,https://steamdb.info/app/343360/
281,344740,CRYPTARK,https://steamdb.info/app/344740/
282,346180,David.,https://steamdb.info/app/346180/
283,346940,Shadowrun: Hong Kong - Extended Edition,https://steamdb.info/app/346940/
284,347160,Steredenn: Binary Stars,https://steamdb.info/app/347160/
285,349730,Popup Dungeon,https://steamdb.info/app/349730/
286,351160,Poop Clicker,https://steamdb.info/app/351160/
287,351340,Belladonna,https://steamdb.info/app/351340/
288,351510,Quiplash,https://steamdb.info/app/351510/
289,354160,WRC 5 FIA World Rally Championship,https://steamdb.info/app/354160/
290,356400,Thumper,https://steamdb.info/app/356400/
291,356650,Death's Gambit: Afterlife,https://steamdb.info/app/356650/
292,357070,UBERMOSH,https://steamdb.info/app/357070/
293,358130,Curious Expedition,https://steamdb.info/app/358130/
294,359320,Elite Dangerous,https://steamdb.info/app/359320/
295,360740,Downwell,https://steamdb.info/app/360740/
296,361300,Mother Russia Bleeds,https://steamdb.info/app/361300/
297,362960,Tyranny,https://steamdb.info/app/362960/
298,363930,Dead Age,https://steamdb.info/app/363930/
299,364420,Roguelands,https://steamdb.info/app/364420/
300,365360,Battle Brothers,https://steamdb.info/app/365360/
301,365590,Tom Clancy‚Äôs The Division‚Ñ¢,https://steamdb.info/app/365590/
302,365660,OlliOlli2: Welcome to Olliwood,https://steamdb.info/app/365660/
303,365770,Volume,https://steamdb.info/app/365770/
304,366220,Wurm Unlimited,https://steamdb.info/app/366220/
305,367450,Poly Bridge,https://steamdb.info/app/367450/
306,368500,Assassin's Creed¬Æ Syndicate,https://steamdb.info/app/368500/
307,368610,The Enchanted Cave 2,https://steamdb.info/app/368610/
308,369110,The Swindle,https://steamdb.info/app/369110/
309,371140,Aegis Defenders,https://steamdb.info/app/371140/
310,375480,Chronicon,https://steamdb.info/app/375480/
311,375530,"Football, Tactics & Glory",https://steamdb.info/app/375530/
312,380750,Anima: Gate of Memories,https://steamdb.info/app/380750/
313,381020,Sky Rogue,https://steamdb.info/app/381020/
314,381120,Shoppe Keep,https://steamdb.info/app/381120/
315,382140,SKYHILL,https://steamdb.info/app/382140/
316,384310,Dead In Bermuda,https://steamdb.info/app/384310/
317,384490,NECROPOLIS: BRUTAL EDITION,https://steamdb.info/app/384490/
318,384500,Zombie Party,https://steamdb.info/app/384500/
319,386940,Ultimate Chicken Horse,https://steamdb.info/app/386940/
320,390710,Acceleration of SUGURI 2,https://steamdb.info/app/390710/
321,390720,Anarcute,https://steamdb.info/app/390720/
322,391220,Rise of the Tomb Raider‚Ñ¢,https://steamdb.info/app/391220/
323,392110,ENDLESS‚Ñ¢ Space 2,https://steamdb.info/app/392110/
324,392160,X4: Foundations,https://steamdb.info/app/392160/
325,393430,Ice Lakes,https://steamdb.info/app/393430/
326,394360,Hearts of Iron IV,https://steamdb.info/app/394360/
327,394870,Office Battle,https://steamdb.info/app/394870/
328,395160,Toby: The Secret Mine,https://steamdb.info/app/395160/
329,395570,We Are The Dwarves,https://steamdb.info/app/395570/
330,396750,EVERSPACE‚Ñ¢,https://steamdb.info/app/396750/
331,397350,Lords of the Realm II,https://steamdb.info/app/397350/
332,397460,The Jackbox Party Pack 2,https://steamdb.info/app/397460/
333,398030,Old School Musical,https://steamdb.info/app/398030/
334,398850,Epistory - Typing Chronicles,https://steamdb.info/app/398850/
335,399640,Flamebreak,https://steamdb.info/app/399640/
336,399670,Game Corp DX,https://steamdb.info/app/399670/
337,400180,Okhlos: Omega,https://steamdb.info/app/400180/
338,400450,NeuroVoider,https://steamdb.info/app/400450/
339,402020,The Park¬Æ,https://steamdb.info/app/402020/
340,403940,Dungelot: Shattered Lands,https://steamdb.info/app/403940/
341,403950,Conquest of Elysium 4,https://steamdb.info/app/403950/
342,404680,Hob,https://steamdb.info/app/404680/
343,405710,Staxel,https://steamdb.info/app/405710/
344,407560,Killing Room,https://steamdb.info/app/407560/
345,410110,12 is Better Than 6,https://steamdb.info/app/410110/
346,411960,TY the Tasmanian Tiger,https://steamdb.info/app/411960/
347,411970,TY the Tasmanian Tiger 2,https://steamdb.info/app/411970/
348,415030,One More Dungeon,https://steamdb.info/app/415030/
349,415420,Nyan Cat: Lost In Space,https://steamdb.info/app/415420/
350,415610,Red Comrades Save the Galaxy: Reloaded,https://steamdb.info/app/415610/
351,415740,OmniBus,https://steamdb.info/app/415740/
352,416210,Block'hood,https://steamdb.info/app/416210/
353,418530,Spelunky 2,https://steamdb.info/app/418530/
354,418950,DreadOut: Keepers of The Dark,https://steamdb.info/app/418950/
355,423590,The Little Acre,https://steamdb.info/app/423590/
356,423620,HERO DEFENSE,https://steamdb.info/app/423620/
357,427030,Xuan-Yuan Sword: The Gate of Firmament,https://steamdb.info/app/427030/
358,427250,8-Bit Armies,https://steamdb.info/app/427250/
359,427820,Hitman GO: Definitive Edition,https://steamdb.info/app/427820/
360,428750,Neon Chrome,https://steamdb.info/app/428750/
361,431940,Wildfire,https://steamdb.info/app/431940/
362,433950,Bit Blaster XL,https://steamdb.info/app/433950/
363,434650,Lost Castle / Â§±ËêΩÂüéÂ†°,https://steamdb.info/app/434650/
364,435100,2Dark,https://steamdb.info/app/435100/
365,436290,Children of Zodiarcs,https://steamdb.info/app/436290/
366,436390,Prison Run and Gun,https://steamdb.info/app/436390/
367,438480,Rock 'N' Roll Defense,https://steamdb.info/app/438480/
368,442070,Drawful 2,https://steamdb.info/app/442070/
369,442500,Age of Gladiators,https://steamdb.info/app/442500/
370,445190,Expeditions: Viking,https://steamdb.info/app/445190/
371,445310,Might and Magic: Heroes VII ‚Äì Trial by Fire,https://steamdb.info/app/445310/
372,445980,Wizard of Legend,https://steamdb.info/app/445980/
373,446020,Jalopy,https://steamdb.info/app/446020/
374,446800,Transport Fever,https://steamdb.info/app/446800/
375,446840,Splasher,https://steamdb.info/app/446840/
376,447040,Watch_Dogs¬Æ 2,https://steamdb.info/app/447040/
377,447150,APE OUT,https://steamdb.info/app/447150/
378,452060,Caveblazers,https://steamdb.info/app/452060/
379,454060,Blueprint Tycoon,https://steamdb.info/app/454060/
380,454100,Dungeon Escape,https://steamdb.info/app/454100/
381,455980,Judgment: Apocalypse Survival Simulation,https://steamdb.info/app/455980/
382,457010,StarsOne,https://steamdb.info/app/457010/
383,457140,Oxygen Not Included,https://steamdb.info/app/457140/
384,457210,SEUM: Speedrunners from Hell,https://steamdb.info/app/457210/
385,458000,March of the Living,https://steamdb.info/app/458000/
386,460920,Steep‚Ñ¢,https://steamdb.info/app/460920/
387,460930,Tom Clancy's Ghost Recon¬Æ Wildlands,https://steamdb.info/app/460930/
388,461730,Blaite,https://steamdb.info/app/461730/
389,463150,BARRIER X,https://steamdb.info/app/463150/
390,464060,RUINER,https://steamdb.info/app/464060/
391,464920,Surviving Mars,https://steamdb.info/app/464920/
392,465100,LUNA The Shadow Dust,https://steamdb.info/app/465100/
393,465200,Fury Unleashed,https://steamdb.info/app/465200/
394,465240,Serious Sam VR: The Last Hope,https://steamdb.info/app/465240/
395,467960,Home Behind,https://steamdb.info/app/467960/
396,469720,Monsters' Den: Godfall,https://steamdb.info/app/469720/
397,469820,Genital Jousting,https://steamdb.info/app/469820/
398,473690,Absolver,https://steamdb.info/app/473690/
399,474750,Reigns,https://steamdb.info/app/474750/
400,477770,Ride 2,https://steamdb.info/app/477770/
401,484950,ÊÅ∂È≠îËø∑ÂÆ´ | Evil Maze,https://steamdb.info/app/484950/
402,485450,Ninja Stealth,https://steamdb.info/app/485450/
403,485610,Soccer Online: Ball 3D,https://steamdb.info/app/485610/
404,487700,Conan the mighty pig,https://steamdb.info/app/487700/
405,488730,God's Trigger,https://steamdb.info/app/488730/
406,489360,CASE: Animatronics,https://steamdb.info/app/489360/
407,498240,Batman - The Telltale Series,https://steamdb.info/app/498240/
408,498660,Mind Spheres,https://steamdb.info/app/498660/
409,503620,Fictorum,https://steamdb.info/app/503620/
410,506870,Unexplored,https://steamdb.info/app/506870/
411,508840,Broken Armor,https://steamdb.info/app/508840/
412,512900,Streets of Rogue,https://steamdb.info/app/512900/
413,515260,Virtual Rides 3 - Funfair Simulator,https://steamdb.info/app/515260/
414,516110,ToeJam & Earl: Back in the Groove!,https://steamdb.info/app/516110/
415,517630,Just Cause 4 Reloaded,https://steamdb.info/app/517630/
416,520950,DRIFT CE,https://steamdb.info/app/520950/
417,523210,A Normal Lost Phone,https://steamdb.info/app/523210/
418,523650,Lust for Darkness,https://steamdb.info/app/523650/
419,524640,Asura: Vengeance Edition,https://steamdb.info/app/524640/
420,525620,Octogeddon,https://steamdb.info/app/525620/
421,526790,Monsti,https://steamdb.info/app/526790/
422,529340,Victoria 3,https://steamdb.info/app/529340/
423,532190,Super Blood Hockey,https://steamdb.info/app/532190/
424,534380,Dying Light 2 Stay Human: Reloaded Edition,https://steamdb.info/app/534380/
425,539470,Police Stories,https://steamdb.info/app/539470/
426,540840,Lara Croft GO,https://steamdb.info/app/540840/
427,544610,Battlestar Galactica Deadlock,https://steamdb.info/app/544610/
428,546430,Pathway,https://steamdb.info/app/546430/
429,549260,Alwa's Awakening,https://steamdb.info/app/549260/
430,550840,Fresh Body,https://steamdb.info/app/550840/
431,552440,The Talos Principle VR,https://steamdb.info/app/552440/
432,552450,Serious Sam VR: The First Encounter,https://steamdb.info/app/552450/
433,553520,Trainz Railroad Simulator 2019,https://steamdb.info/app/553520/
434,557340,My Friend Pedro,https://steamdb.info/app/557340/
435,558420,Stories Untold,https://steamdb.info/app/558420/
436,559650,Witch It,https://steamdb.info/app/559650/
437,562360,"Planes, Bullets and Vodka",https://steamdb.info/app/562360/
438,562500,Warstone TD,https://steamdb.info/app/562500/
439,564310,Serious Sam Fusion 2017 (beta),https://steamdb.info/app/564310/
440,567670,Serious Sam 3 VR: BFE,https://steamdb.info/app/567670/
441,568930,The Land of Pain,https://steamdb.info/app/568930/
442,572410,Steel Division: Normandy 44,https://steamdb.info/app/572410/
443,572890,Pikuniku,https://steamdb.info/app/572890/
444,573120,Dead In Vinland,https://steamdb.info/app/573120/
445,573410,AI War 2,https://steamdb.info/app/573410/
446,578620,GORN,https://steamdb.info/app/578620/
447,579840,Bloody Trapland 2: Curiosity,https://steamdb.info/app/579840/
448,582160,Assassin's Creed¬Æ Origins,https://steamdb.info/app/582160/
449,582660,Black Desert,https://steamdb.info/app/582660/
450,583930,Faerie Solitaire Remastered,https://steamdb.info/app/583930/
451,585020,Big Bia,https://steamdb.info/app/585020/
452,585710,Blazing Beaks,https://steamdb.info/app/585710/
453,586950,The Wizards - Enhanced Edition,https://steamdb.info/app/586950/
454,588110,One Dog Story,https://steamdb.info/app/588110/
455,588650,Dead Cells,https://steamdb.info/app/588650/
456,589360,Ni no Kuni‚Ñ¢ II: Revenant Kingdom,https://steamdb.info/app/589360/
457,589780,The Red Strings Club,https://steamdb.info/app/589780/
458,595440,CPU Invaders,https://steamdb.info/app/595440/
459,597150,Hyper Knights,https://steamdb.info/app/597150/
460,598060,Slasher's Keep,https://steamdb.info/app/598060/
461,598550,HUNTDOWN,https://steamdb.info/app/598550/
462,598700,The Vagrant,https://steamdb.info/app/598700/
463,599080,The Blackout Club,https://steamdb.info/app/599080/
464,599460,Weapon Shop Fantasy,https://steamdb.info/app/599460/
465,603530,A Robot Named Fight!,https://steamdb.info/app/603530/
466,603960,Star of Providence,https://steamdb.info/app/603960/
467,605740,"Flashing Lights - Police, Firefighting, Emergency Services (EMS) Simulator",https://steamdb.info/app/605740/
468,606150,Moonlighter,https://steamdb.info/app/606150/
469,606880,GreedFall,https://steamdb.info/app/606880/
470,609320,FAR: Lone Sails,https://steamdb.info/app/609320/
471,609490,Minit,https://steamdb.info/app/609490/
472,610180,The Jackbox Party Pack 4,https://steamdb.info/app/610180/
473,616110,SPACEPLAN,https://steamdb.info/app/616110/
474,617290,Remnant: From the Ashes,https://steamdb.info/app/617290/
475,619280,Gloom,https://steamdb.info/app/619280/
476,619780,The Swords of Ditto: Mormo's Curse,https://steamdb.info/app/619780/
477,622720,Weedcraft Inc,https://steamdb.info/app/622720/
478,624970,Battlezone: Combat Commander,https://steamdb.info/app/624970/
479,626610,TT Isle of Man: Ride on the Edge,https://steamdb.info/app/626610/
480,626690,Sword Art Online: Fatal Bullet,https://steamdb.info/app/626690/
481,628770,Tangledeep,https://steamdb.info/app/628770/
482,630720,Mana Spark,https://steamdb.info/app/630720/
483,632300,Hobo: Tough Life,https://steamdb.info/app/632300/
484,632360,Risk of Rain 2,https://steamdb.info/app/632360/
485,636150,Cyberhunt,https://steamdb.info/app/636150/
486,637090,BATTLETECH,https://steamdb.info/app/637090/
487,640120,Youropa,https://steamdb.info/app/640120/
488,640890,Will Glow the Wisp,https://steamdb.info/app/640890/
489,644560,Mirror,https://steamdb.info/app/644560/
490,646570,Slay the Spire,https://steamdb.info/app/646570/
491,650440,Warbanners,https://steamdb.info/app/650440/
492,658700,V-Rally 4,https://steamdb.info/app/658700/
493,662960,Mysteria ~Occult Shadows~,https://steamdb.info/app/662960/
494,668550,8Doors: Arum's Afterlife Adventure,https://steamdb.info/app/668550/
495,668630,Tricolour Lovestory,https://steamdb.info/app/668630/
496,669950,BDSM: Big Drunk Satanic Massacre,https://steamdb.info/app/669950/
497,672630,Academia : School Simulator,https://steamdb.info/app/672630/
498,674940,Stick Fight: The Game,https://steamdb.info/app/674940/
499,675260,Batman: The Enemy Within - The Telltale Series,https://steamdb.info/app/675260/
500,676500,Time Warpers,https://steamdb.info/app/676500/
501,677120,Heroes of Hammerwatch,https://steamdb.info/app/677120/
502,680420,OUTRIDERS,https://steamdb.info/app/680420/
503,681280,Descenders,https://steamdb.info/app/681280/
504,682990,Drug Dealer Simulator,https://steamdb.info/app/682990/
505,683320,GRIS,https://steamdb.info/app/683320/
506,684410,Bridge Constructor Portal,https://steamdb.info/app/684410/
507,684450,Surviving the Aftermath,https://steamdb.info/app/684450/
508,687260,Tokyo Dark,https://steamdb.info/app/687260/
509,687850,Head Goal: Soccer Online,https://steamdb.info/app/687850/
510,689910,Another Lost Phone: Laura's Story,https://steamdb.info/app/689910/
511,691690,Ash of Gods: Redemption,https://steamdb.info/app/691690/
512,698870,Metaverse Keeper / ÂÖÉËÉΩÂ§±Êéß,https://steamdb.info/app/698870/
513,699180,Human-powered spacecraft,https://steamdb.info/app/699180/
514,699670,Feudal Alloy,https://steamdb.info/app/699670/
515,699920,Despotism 3k,https://steamdb.info/app/699920/
516,715010,Diamo XL,https://steamdb.info/app/715010/
517,717640,Reigns: Her Majesty,https://steamdb.info/app/717640/
518,718560,Scythe: Digital Edition,https://steamdb.info/app/718560/
519,718670,Cultist Simulator,https://steamdb.info/app/718670/
520,718850,Age of Wonders: Planetfall,https://steamdb.info/app/718850/
521,722960,CASE 2: Animatronics Survival,https://steamdb.info/app/722960/
522,728240,Adventure Time: Pirates of the Enchiridion,https://steamdb.info/app/728240/
523,732370,Juicy Realm,https://steamdb.info/app/732370/
524,732430,Superflight,https://steamdb.info/app/732430/
525,733210,Neversong,https://steamdb.info/app/733210/
526,737520,Flynn: Son of Crimson,https://steamdb.info/app/737520/
527,739650,Drake Hollow,https://steamdb.info/app/739650/
528,740080,Deadly Days,https://steamdb.info/app/740080/
529,745920,Temtem,https://steamdb.info/app/745920/
530,749520,Sakura no Mori ‚Ä† Dreamers,https://steamdb.info/app/749520/
531,750920,Shadow of the Tomb Raider: Definitive Edition,https://steamdb.info/app/750920/
532,751780,Forager,https://steamdb.info/app/751780/
533,751820,Black Future '88,https://steamdb.info/app/751820/
534,752590,A Plague Tale: Innocence,https://steamdb.info/app/752590/
535,753230,STAY,https://steamdb.info/app/753230/
536,756530,TOKYO GHOUL:re [CALL to EXIST],https://steamdb.info/app/756530/
537,757300,Truberbrook / Tr√ºberbrook,https://steamdb.info/app/757300/
538,757310,Sable,https://steamdb.info/app/757310/
539,757480,Broken Reality,https://steamdb.info/app/757480/
540,758480,Ukrainian ball in search of gas,https://steamdb.info/app/758480/
541,760060,Mutant Year Zero: Road to Eden,https://steamdb.info/app/760060/
542,761030,EARTHLOCK,https://steamdb.info/app/761030/
543,762650,Depraved,https://steamdb.info/app/762650/
544,764790,The Messenger,https://steamdb.info/app/764790/
545,765870,Leisure Suit Larry - Wet Dreams Don't Dry,https://steamdb.info/app/765870/
546,765900,Leisure Suit Larry - Magna Cum Laude Uncut and Uncensored,https://steamdb.info/app/765900/
547,773580,Game Dev Studio,https://steamdb.info/app/773580/
548,776340,Gay World,https://steamdb.info/app/776340/
549,779640,Â¶ÑÊÉ≥ÁóáÔºöDeliver Me,https://steamdb.info/app/779640/
550,790740,Tick Tock: A Tale for Two,https://steamdb.info/app/790740/
551,798290,MXGP PRO,https://steamdb.info/app/798290/
552,811320,Jupiter Hell,https://steamdb.info/app/811320/
553,812140,Assassin's Creed¬Æ Odyssey,https://steamdb.info/app/812140/
554,829660,No Time to Relax,https://steamdb.info/app/829660/
555,833360,Star Valor,https://steamdb.info/app/833360/
556,839310,Signal Simulator,https://steamdb.info/app/839310/
557,841770,Siralim 3,https://steamdb.info/app/841770/
558,844930,Fox Hime Zero,https://steamdb.info/app/844930/
559,846030,ŒîV: Rings of Saturn,https://steamdb.info/app/846030/
560,848030,Roundguard,https://steamdb.info/app/848030/
561,850320,PHOGS!,https://steamdb.info/app/850320/
562,852220,Accident,https://steamdb.info/app/852220/
563,853450,Nevergrind Online,https://steamdb.info/app/853450/
564,854940,Ikenfell,https://steamdb.info/app/854940/
565,857980,Void Bastards,https://steamdb.info/app/857980/
566,864060,Marble It Up! Ultra,https://steamdb.info/app/864060/
567,865680,The Eternal Cylinder,https://steamdb.info/app/865680/
568,873190,–ï–°–¢–¨ –î–í–ê –°–¢–£–õ–ê,https://steamdb.info/app/873190/
569,873940,Crying Suns,https://steamdb.info/app/873940/
570,874260,The Forgotten City,https://steamdb.info/app/874260/
571,875310,LIBERATED,https://steamdb.info/app/875310/
572,880580,YORG.io,https://steamdb.info/app/880580/
573,887450,Tunche,https://steamdb.info/app/887450/
574,889910,Hell Pie,https://steamdb.info/app/889910/
575,892970,Valheim,https://steamdb.info/app/892970/
576,894020,Death's Door,https://steamdb.info/app/894020/
577,895870,Project Wingman,https://steamdb.info/app/895870/
578,896440,Eternal Edge +,https://steamdb.info/app/896440/
579,897820,Reigns: Game of Thrones,https://steamdb.info/app/897820/
580,905340,Heave Ho,https://steamdb.info/app/905340/
581,906100,Observation,https://steamdb.info/app/906100/
582,907650,Stronghold: Warlords,https://steamdb.info/app/907650/
583,914260,HALF DEAD 2,https://steamdb.info/app/914260/
584,915460,ULTIMATE HARDBASS DEFENCE,https://steamdb.info/app/915460/
585,916730,Gato Roboto,https://steamdb.info/app/916730/
586,923260,Golf Peaks,https://steamdb.info/app/923260/
587,924070,Arboria,https://steamdb.info/app/924070/
588,926140,CHANGE: A Homeless Survival Experience,https://steamdb.info/app/926140/
589,931500,Touhou Genso Wanderer -Reloaded-,https://steamdb.info/app/931500/
590,936790,Life is Strange: True Colors,https://steamdb.info/app/936790/
591,938220,TAPSONIC BOLD,https://steamdb.info/app/938220/
592,938380,Townsmen - A Kingdom Rebuilt,https://steamdb.info/app/938380/
593,939100,Darksburg,https://steamdb.info/app/939100/
594,939960,Far Cry¬Æ New Dawn,https://steamdb.info/app/939960/
595,940680,The Textorcist: The Story of Ray Bibbia,https://steamdb.info/app/940680/
596,940710,Colt Canyon,https://steamdb.info/app/940710/
597,943140,Sparklite,https://steamdb.info/app/943140/
598,943980,The logic of the miniature garden,https://steamdb.info/app/943980/
599,944010,S.W.I.N.E. HD Remaster,https://steamdb.info/app/944010/
600,944920,Nanotale - Typing Chronicles,https://steamdb.info/app/944920/
601,945710,DreadOut 2,https://steamdb.info/app/945710/
602,947300,Grim Nights,https://steamdb.info/app/947300/
603,951430,Dead Age 2: The Zombie Survival RPG,https://steamdb.info/app/951430/
604,953490,CARRION,https://steamdb.info/app/953490/
605,960090,Bloons TD 6,https://steamdb.info/app/960090/
606,960170,DJMAX RESPECT V,https://steamdb.info/app/960170/
607,960690,One Step From Eden,https://steamdb.info/app/960690/
608,964440,Hell is Others,https://steamdb.info/app/964440/
609,965310,The Settlers¬Æ : Rise of an Empire - History Edition,https://steamdb.info/app/965310/
610,965580,Root,https://steamdb.info/app/965580/
611,967250,DOKA 2 KISHKI EDITION,https://steamdb.info/app/967250/
612,968970,Lumberjack's Dynasty,https://steamdb.info/app/968970/
613,970830,The Dungeon Of Naheulbeuk: The Amulet Of Chaos,https://steamdb.info/app/970830/
614,973090,Toilet Simulator 2020,https://steamdb.info/app/973090/
615,973760,Thronebreaker: The Witcher Tales,https://steamdb.info/app/973760/
616,975470,Silver Chains,https://steamdb.info/app/975470/
617,978520,Legend of Keepers: Career of a Dungeon Manager,https://steamdb.info/app/978520/
618,980300,One Finger Death Punch 2,https://steamdb.info/app/980300/
619,982270,Dealer's Life,https://steamdb.info/app/982270/
620,982720,Paradise Lost,https://steamdb.info/app/982720/
621,984680,Interstellar Space: Genesis,https://steamdb.info/app/984680/
622,987840,Expeditions: Rome,https://steamdb.info/app/987840/
623,989440,Phantom Abyss,https://steamdb.info/app/989440/
624,989690,Conan Unconquered,https://steamdb.info/app/989690/
625,995980,Fae Tactics,https://steamdb.info/app/995980/
626,998740,Ring of Pain,https://steamdb.info/app/998740/
627,1000080,Zengeon,https://steamdb.info/app/1000080/
628,1007350,Mirror Maker,https://steamdb.info/app/1007350/
629,1009290,SWORD ART ONLINE Alicization Lycoris,https://steamdb.info/app/1009290/
630,1012840,Moons of Madness,https://steamdb.info/app/1012840/
631,1018830,Element TD 2 - Tower Defense,https://steamdb.info/app/1018830/
632,1020470,Evoland Legendary Edition,https://steamdb.info/app/1020470/
633,1020820,KumaKuma Manga Editor,https://steamdb.info/app/1020820/
634,1021770,Wanba Warriors,https://steamdb.info/app/1021770/
635,1025440,Fantasy General II,https://steamdb.info/app/1025440/
636,1031920,–°–∏–º—É–ª—è—Ç–æ—Ä –°–∏–¥–µ–Ω–∏—è —É –ü–æ–¥—ä–µ–∑–¥–∞,https://steamdb.info/app/1031920/
637,1035120,Lust from Beyond,https://steamdb.info/app/1035120/
638,1035930,Nyasha,https://steamdb.info/app/1035930/
639,1037020,ScourgeBringer,https://steamdb.info/app/1037020/
640,1038740,Fluffy Store,https://steamdb.info/app/1038740/
641,1040230,Curious Expedition 2,https://steamdb.info/app/1040230/
642,1046030,ISLANDERS,https://steamdb.info/app/1046030/
643,1048350,Nigate Tale,https://steamdb.info/app/1048350/
644,1049710,Minute of Islands,https://steamdb.info/app/1049710/
645,1051310,Paper Dolls: Original / Á∫∏‰∫∫,https://steamdb.info/app/1051310/
646,1054490,Wingspan,https://steamdb.info/app/1054490/
647,1058450,MY HERO ONE'S JUSTICE 2,https://steamdb.info/app/1058450/
648,1059990,Trombone Champ,https://steamdb.info/app/1059990/
649,1061910,Metal: Hellsinger,https://steamdb.info/app/1061910/
650,1062110,UNSIGHTED,https://steamdb.info/app/1062110/
651,1062160,Poly Bridge 2,https://steamdb.info/app/1062160/
652,1066260,Devolver Bootleg,https://steamdb.info/app/1066260/
653,1066780,Transport Fever 2,https://steamdb.info/app/1066780/
654,1069690,Rogue Lords,https://steamdb.info/app/1069690/
655,1075740,Banners of Ruin,https://steamdb.info/app/1075740/
656,1076200,Roguebook,https://steamdb.info/app/1076200/
657,1081510,She Sees Red - Interactive Movie,https://steamdb.info/app/1081510/
658,1082180,TT Isle of Man: Ride on the Edge 2,https://steamdb.info/app/1082180/
659,1086640,Dude Simulator 3,https://steamdb.info/app/1086640/
660,1088850,Marvel's Guardians of the Galaxy,https://steamdb.info/app/1088850/
661,1091460,Souls of Blades,https://steamdb.info/app/1091460/
662,1091500,Cyberpunk 2077,https://steamdb.info/app/1091500/
663,1092140,Exit From,https://steamdb.info/app/1092140/
664,1092630,Rogue Glitch Ultra,https://steamdb.info/app/1092630/
665,1092660,Blair Witch,https://steamdb.info/app/1092660/
666,1092790,Inscryption,https://steamdb.info/app/1092790/
667,1093290,The Wild at Heart,https://steamdb.info/app/1093290/
668,1093910,Tales of the Black Forest,https://steamdb.info/app/1093910/
669,1096410,Vampire: The Masquerade - Coteries of New York,https://steamdb.info/app/1096410/
670,1097350,Weird West: Definitive Edition,https://steamdb.info/app/1097350/
671,1097530,Mortal Glory,https://steamdb.info/app/1097530/
672,1099640,Jack Move,https://steamdb.info/app/1099640/
673,1100930,LEGIONCRAFT,https://steamdb.info/app/1100930/
674,1106840,Hydroneer,https://steamdb.info/app/1106840/
675,1117630,I got a cat maid,https://steamdb.info/app/1117630/
676,1119700,As Far As The Eye,https://steamdb.info/app/1119700/
677,1123770,Curse of the Dead Gods,https://steamdb.info/app/1123770/
678,1124300,HUMANKIND‚Ñ¢,https://steamdb.info/app/1124300/
679,1124660,STORM AREA 51: AYY LMAO EDITION,https://steamdb.info/app/1124660/
680,1132910,ITORAH,https://steamdb.info/app/1132910/
681,1132980,There Is No Light: Enhanced Edition,https://steamdb.info/app/1132980/
682,1133060,Anarchy: Wolf's law,https://steamdb.info/app/1133060/
683,1135690,Unpacking,https://steamdb.info/app/1135690/
684,1136160,Internet Cafe Simulator,https://steamdb.info/app/1136160/
685,1138660,Black Book,https://steamdb.info/app/1138660/
686,1140270,Monster Prom 2: Monster Camp,https://steamdb.info/app/1140270/
687,1140440,OMON Simulator,https://steamdb.info/app/1140440/
688,1142080,Pawnbarian,https://steamdb.info/app/1142080/
689,1144770,SLUDGE LIFE,https://steamdb.info/app/1144770/
690,1146230,DungeonTop,https://steamdb.info/app/1146230/
691,1147560,Skul: The Hero Slayer,https://steamdb.info/app/1147560/
692,1150530,Wizard with a Gun,https://steamdb.info/app/1150530/
693,1152090,Elmarion: Dragon time,https://steamdb.info/app/1152090/
694,1157390,King Arthur: Knight's Tale,https://steamdb.info/app/1157390/
695,1158310,Crusader Kings III,https://steamdb.info/app/1158310/
696,1167680,Orbital Bullet ‚Äì The 360¬∞ Rogue-lite,https://steamdb.info/app/1167680/
697,1170080,Foretales,https://steamdb.info/app/1170080/
698,1172450,Carto,https://steamdb.info/app/1172450/
699,1172650,INDUSTRIA,https://steamdb.info/app/1172650/
700,1173200,Metal Unit,https://steamdb.info/app/1173200/
701,1175460,Revita,https://steamdb.info/app/1175460/
702,1182900,A Plague Tale: Requiem,https://steamdb.info/app/1182900/
703,1184160,RUSSIAPHOBIA,https://steamdb.info/app/1184160/
704,1185520,Love Rhythm,https://steamdb.info/app/1185520/
705,1186460,Songs of Wuxia,https://steamdb.info/app/1186460/
706,1186640,Pumpkin Jack,https://steamdb.info/app/1186640/
707,1198730,Hentai Police,https://steamdb.info/app/1198730/
708,1200230,Ludus,https://steamdb.info/app/1200230/
709,1205960,My Cute Fuhrer,https://steamdb.info/app/1205960/
710,1205970,MX vs ATV Legends,https://steamdb.info/app/1205970/
711,1206700,–í–ó–õ–û–ú –ñ–û–ü–´,https://steamdb.info/app/1206700/
712,1209490,Exit the Gungeon,https://steamdb.info/app/1209490/
713,1214470,Hotel Renovator,https://steamdb.info/app/1214470/
714,1220140,Cartel Tycoon,https://steamdb.info/app/1220140/
715,1221250,NORCO,https://steamdb.info/app/1221250/
716,1226510,Trigon: Space Story,https://steamdb.info/app/1226510/
717,1227280,Despot's Game: Dystopian Battle Simulator,https://steamdb.info/app/1227280/
718,1229580,Disc Room,https://steamdb.info/app/1229580/
719,1232570,Paper Beast,https://steamdb.info/app/1232570/
720,1234940,Astronarch,https://steamdb.info/app/1234940/
721,1239690,Retrowave,https://steamdb.info/app/1239690/
722,1244460,Jurassic World Evolution 2,https://steamdb.info/app/1244460/
723,1245430,Golden Light,https://steamdb.info/app/1245430/
724,1252710,Cardaclysm,https://steamdb.info/app/1252710/
725,1252830,A Juggler's Tale,https://steamdb.info/app/1252830/
726,1259740,Escape Dungeon,https://steamdb.info/app/1259740/
727,1259840,The House of Da Vinci 2,https://steamdb.info/app/1259840/
728,1261040,Streamer Life Simulator,https://steamdb.info/app/1261040/
729,1261520,Asterix & Obelix XXL: Romastered,https://steamdb.info/app/1261520/
730,1263070,Blightbound,https://steamdb.info/app/1263070/
731,1264280,Slipways,https://steamdb.info/app/1264280/
732,1265920,Life is Strange Remastered,https://steamdb.info/app/1265920/
733,1265930,Life is Strange: Before the Storm Remastered,https://steamdb.info/app/1265930/
734,1271280,Rift Wizard,https://steamdb.info/app/1271280/
735,1276660,Tinkertown,https://steamdb.info/app/1276660/
736,1279630,Vampire: The Masquerade - Shadows of New York,https://steamdb.info/app/1279630/
737,1282730,Loop Hero,https://steamdb.info/app/1282730/
738,1284820,Desktop Kanojo,https://steamdb.info/app/1284820/
739,1286580,Ship of Fools,https://steamdb.info/app/1286580/
740,1289810,Siralim Ultimate,https://steamdb.info/app/1289810/
741,1293160,The Medium,https://steamdb.info/app/1293160/
742,1293230,House of Detention,https://steamdb.info/app/1293230/
743,1294420,Rollerdrome,https://steamdb.info/app/1294420/
744,1296360,Archvale,https://steamdb.info/app/1296360/
745,1297300,The Shore,https://steamdb.info/app/1297300/
746,1297330,Olija,https://steamdb.info/app/1297330/
747,1304340,Monster Energy Supercross - The Official Videogame 4,https://steamdb.info/app/1304340/
748,1307090,Barro Racing,https://steamdb.info/app/1307090/
749,1309000,Escape Dungeon 2,https://steamdb.info/app/1309000/
750,1318690,shapez,https://steamdb.info/app/1318690/
751,1333470,Alex Kidd in Miracle World DX,https://steamdb.info/app/1333470/
752,1334040,Paper Dolls 2 Á∫∏‰∫∫Ë¥∞,https://steamdb.info/app/1334040/
753,1334590,Furry Love,https://steamdb.info/app/1334590/
754,1337010,Alba: A Wildlife Adventure,https://steamdb.info/app/1337010/
755,1337890,Choice of Life: Middle Ages,https://steamdb.info/app/1337890/
756,1338580,McPixel 3,https://steamdb.info/app/1338580/
757,1349040,Furry Love 2,https://steamdb.info/app/1349040/
758,1359120,The Dungeon Beneath,https://steamdb.info/app/1359120/
759,1364100,Lacuna ‚Äì A Sci-Fi Noir Adventure,https://steamdb.info/app/1364100/
760,1367300,Blade Assault,https://steamdb.info/app/1367300/
761,1370050,Trek to Yomi,https://steamdb.info/app/1370050/
762,1371720,Card Shark,https://steamdb.info/app/1371720/
763,1372110,JoJo's Bizarre Adventure: All-Star Battle R,https://steamdb.info/app/1372110/
764,1373430,Leisure Suit Larry - Wet Dreams Dry Twice,https://steamdb.info/app/1373430/
765,1377360,Vampires' Melody,https://steamdb.info/app/1377360/
766,1383960,Nickelodeon Kart Racers 2: Grand Prix,https://steamdb.info/app/1383960/
767,1385380,Across the Obelisk,https://steamdb.info/app/1385380/
768,1386900,Observer: System Redux,https://steamdb.info/app/1386900/
769,1389360,Mech Armada,https://steamdb.info/app/1389360/
770,1389550,Mind Scanners,https://steamdb.info/app/1389550/
771,1390700,The Crackpet Show,https://steamdb.info/app/1390700/
772,1392820,Milk inside a bag of milk inside a bag of milk,https://steamdb.info/app/1392820/
773,1395560,Kandidatos,https://steamdb.info/app/1395560/
774,1399930,Furry Shades of Gay,https://steamdb.info/app/1399930/
775,1403020,SCP Strategy,https://steamdb.info/app/1403020/
776,1404210,Red Dead Online,https://steamdb.info/app/1404210/
777,1414850,Nickelodeon All-Star Brawl,https://steamdb.info/app/1414850/
778,1415140,Kandidatos Kart,https://steamdb.info/app/1415140/
779,1418160,Happy Quest,https://steamdb.info/app/1418160/
780,1419160,Souldiers,https://steamdb.info/app/1419160/
781,1424980,The Solitaire Conspiracy,https://steamdb.info/app/1424980/
782,1432050,Nobody Saves the World,https://steamdb.info/app/1432050/
783,1446850,Hentai Furry 2,https://steamdb.info/app/1446850/
784,1466640,Road 96 üõ£Ô∏è,https://steamdb.info/app/1466640/
785,1478650,Diggles: The Myth of Fenris,https://steamdb.info/app/1478650/
786,1484720,Dead Estate,https://steamdb.info/app/1484720/
787,1485590,ENDLESS‚Ñ¢ Dungeon,https://steamdb.info/app/1485590/
788,1486630,Intravenous,https://steamdb.info/app/1486630/
789,1492360,Recipe for Disaster,https://steamdb.info/app/1492360/
790,1507190,Machinika: Museum,https://steamdb.info/app/1507190/
791,1522820,Orcs Must Die! 3,https://steamdb.info/app/1522820/
792,1529710,–°–∏–º—É–ª—è—Ç–æ—Ä –ü—Ä—ã–≥–∞–Ω–∏—è –ø–æ –ì–∞—Ä–∞–∂–∞–º,https://steamdb.info/app/1529710/
793,1531540,Distant Worlds 2,https://steamdb.info/app/1531540/
794,1532770,Sex and the Furry Titty,https://steamdb.info/app/1532770/
795,1543030,Sword and Fairy 7,https://steamdb.info/app/1543030/
796,1553890,"Lewd Girls, Leave Me Alone! I Just Want to Play Video Games and Watch Anime! - Hentai Edition",https://steamdb.info/app/1553890/
797,1553910,My Friend Stalin,https://steamdb.info/app/1553910/
798,1556790,Isonzo,https://steamdb.info/app/1556790/
799,1557740,ROUNDS,https://steamdb.info/app/1557740/
800,1563180,Internet Cafe Simulator 2,https://steamdb.info/app/1563180/
801,1566060,Miss Furry,https://steamdb.info/app/1566060/
802,1569520,IRM√ÉO Grande & Brasileiro 2,https://steamdb.info/app/1569520/
803,1573630,Choice of Life: Middle Ages 2,https://steamdb.info/app/1573630/
804,1583570,–°–ò–ú–£–õ–Ø–¢–û–† –û–î–ò–ù–û–ß–ï–°–¢–í–ê –í –†–£–°–°–ö–û–ô –î–ï–†–ï–í–ù–ï,https://steamdb.info/app/1583570/
805,1586800,Lil Gator Game,https://steamdb.info/app/1586800/
806,1596310,Crypto Mining Simulator,https://steamdb.info/app/1596310/
807,1598730,Shanhe,https://steamdb.info/app/1598730/
808,1606340,Conquest of Elysium 5,https://steamdb.info/app/1606340/
809,1608450,Hellslave,https://steamdb.info/app/1608450/
810,1608640,OTXO,https://steamdb.info/app/1608640/
811,1611300,Happy Guy,https://steamdb.info/app/1611300/
812,1620340,Wrestling Empire,https://steamdb.info/app/1620340/
813,1623880,Noob - The Factionless,https://steamdb.info/app/1623880/
814,1638390,Indies' Lies,https://steamdb.info/app/1638390/
815,1656780,Hero's Hour,https://steamdb.info/app/1656780/
816,1672970,Minecraft Dungeons,https://steamdb.info/app/1672970/
817,1674890,üëë Idle Calibur üëëÔºàÈÄâÁéã‰πãÂâëÔºâ,https://steamdb.info/app/1674890/
818,1678140,Shades of Sakura,https://steamdb.info/app/1678140/
819,1710170,Blade of Darkness,https://steamdb.info/app/1710170/
820,1713810,Lumencraft,https://steamdb.info/app/1713810/
821,1724050,Furry Shades of Gay 2: A Shade Gayer,https://steamdb.info/app/1724050/
822,1730250,Pan'orama,https://steamdb.info/app/1730250/
823,1750200,Sex and the Furry Titty 2: Sins of the City,https://steamdb.info/app/1750200/
824,1755180,Brewpub Simulator,https://steamdb.info/app/1755180/
825,1766100,The Last Hero of Nostalgaia,https://steamdb.info/app/1766100/
826,1766390,FORWARD: Escape the Fold - Ultimate Edition,https://steamdb.info/app/1766390/
827,1787820,Mirror Party,https://steamdb.info/app/1787820/
828,1815570,Aces & Adventures,https://steamdb.info/app/1815570/
829,1836160,PANELKI,https://steamdb.info/app/1836160/
830,1850160,Poly Bridge 3,https://steamdb.info/app/1850160/
831,1856030,Fresh Start Cleaning Simulator,https://steamdb.info/app/1856030/
832,1859360,Dungeon Village,https://steamdb.info/app/1859360/
833,1861970,Mister Furry,https://steamdb.info/app/1861970/
834,1911390,Knightfall: A Daring Journey,https://steamdb.info/app/1911390/
835,1915550,Nemesis: Lockdown,https://steamdb.info/app/1915550/
836,1940340,Darkest Dungeon¬Æ II,https://steamdb.info/app/1940340/
837,1980350,Run Build Pew!,https://steamdb.info/app/1980350/
838,1980530,Kiwi Clicker - Juiced Up,https://steamdb.info/app/1980530/
839,1992370,FURRY HITLER,https://steamdb.info/app/1992370/
840,2060130,Return to Monkey Island,https://steamdb.info/app/2060130/
841,2095340,Road 96: Mile 0,https://steamdb.info/app/2095340/
842,2119270,Black Reliquary,https://steamdb.info/app/2119270/
843,2167220,The Bible,https://steamdb.info/app/2167220/
844,2178570,Arthas - The Game,https://steamdb.info/app/2178570/
845,2181930,DR LIVESEY ROM AND DEATH EDITION,https://steamdb.info/app/2181930/
846,2196790,Jianghu Survivor,https://steamdb.info/app/2196790/
847,2198070,Cardboard Town,https://steamdb.info/app/2198070/
848,2208920,Assassin's Creed Valhalla,https://steamdb.info/app/2208920/
849,2216360,Disaster Band,https://steamdb.info/app/2216360/
850,2290180,Riders Republic,https://steamdb.info/app/2290180/
851,2389240,G.O.P.O.T.A,https://steamdb.info/app/2389240/
852,2411910,miniBONG,https://steamdb.info/app/2411910/
853,2455370,Russian Village Simulator,https://steamdb.info/app/2455370/
854,2532050,Vampires' Melody 2,https://steamdb.info/app/2532050/
855,2532550,LIZARDS MUST DIE,https://steamdb.info/app/2532550/
