App ID,Posição,Nome,Avaliações Positivas,Avaliações Negativas
730,1,Counter-Strike 2,4069741,1486955
2215430,2,Ghost of Tsushima DIRECTOR&apos;S CUT,98616,77154
1675200,3,Steam Deck,23326,0
1086940,4,Baldur&apos;s Gate 3,827867,102275
1091500,5,Cyberpunk 2077,1408485,40267
570,6,Dota 2,2244647,789233
1245620,7,ELDEN RING,852849,68656
1145350,8,Hades II,194006,53634
578080,9,PUBG: BATTLEGROUNDS,3251980,648246
553850,10,HELLDIVERS™ 2,348207,98146
1604030,11,V Rising,250486,92825
1085660,12,Destiny 2,684213,95818
1172470,13,Apex Legends,526441,363435
281990,14,Stellaris,493845,31684
1151340,15,Fallout 76,134055,42346
270880,16,American Truck Simulator,410048,15430
2138330,17,Cyberpunk 2077: Phantom Liberty,0,0
271590,18,Grand Theft Auto V,3115073,151836
2479810,19,Gray Zone Warfare,192938,24243
1363080,20,Manor Lords,435499,23537
227300,21,Euro Truck Simulator 2,1016135,50609
2195250,22,EA SPORTS FC™ 24,90567,73053
232090,23,Killing Floor 2,613855,38164
381210,24,Dead by Daylight,1522214,60655
359550,25,Tom Clancy&apos;s Rainbow Six Siege,1234260,91317
236390,26,War Thunder,464128,82485
230410,27,Warframe,844982,60816
39210,28,FINAL FANTASY XIV Online,132776,35723
377160,29,Fallout 4,897313,116365
812140,30,Assassin&apos;s Creed Odyssey,320588,11643
2881650,31,Content Warning,56679,15903
1158310,32,Crusader Kings III,256284,22783
2519060,33,Call of Duty®: Modern Warfare® III - Campaign,0,0
292030,34,The Witcher 3: Wild Hunt,925070,22455
239140,35,Dying Light,689603,42573
2208920,36,Assassin&apos;s Creed Valhalla,61362,5176
1172620,37,Sea of Thieves,417658,25998
252490,38,Rust,1099092,121795
1962663,39,Call of Duty®: Warzone™,0,0
394360,40,Hearts of Iron IV,383745,57174
813230,41,ANIMAL WELL,26417,4709
1142710,42,Total War: WARHAMMER III,242436,47023
1203220,43,NARAKA: BLADEPOINT,529947,266820
306130,44,The Elder Scrolls Online,462963,19471
2344520,45,Diablo® IV,74484,29035
632360,46,Risk of Rain 2,302311,12638
427410,47,Abiotic Factor,42081,11070
1313140,48,Cult of the Lamb,188501,4176
892970,49,Valheim,479177,81728
413150,50,Stardew Valley,804575,129287
1651560,51,Fabledom,48278,4266
1599340,52,Lost Ark,279769,96684
236850,53,Europa Universalis IV,202205,26441
294100,54,RimWorld,560785,36398
582660,55,Black Desert,176258,21874
2252570,56,Football Manager 2024,42803,75822
2778580,57,ELDEN RING Shadow of the Erdtree</a></td>  <td data-sort=17>#17</td>  <td data-sort=0>0</td> <td data-sort=0>0</td> </tr>  <tr class=app data-appid=1672970 data-cache=1715792279> <td data-sort=58>#58</td> <td class=applogo text-left><a href=/app/1672970/charts/ aria-hidden=true><img src=/static/img/applogo.svg alt=></a></td> <td><a href=/app/1672970/charts/>Minecraft Dungeons,49390,4022
552990,59,World of Warships,479591,20728
1244460,60,Jurassic World Evolution 2,108242,3673
2543810,61,American Truck Simulator - Nebraska,0,0
1177980,62,"Little Kitty, Big City",42342,1497
2132850,63,Rabbit and Steel,10290,4640
1271700,64,HOT WHEELS UNLEASHED™,23787,543
2670630,65,Supermarket Simulator,71974,12564
588650,66,Dead Cells,367380,5619
1001270,67,Kebab Chefs! - Restaurant Simulator,13913,2995
1248130,68,Farming Simulator 22,136091,46654
1326470,69,Sons Of The Forest,517506,11217
1966720,70,Lethal Company,267394,22456
255710,71,Cities: Skylines,772753,17834
1449850,72,Yu-Gi-Oh!  Master Duel,62430,26590
1222670,73,The Sims™ 4,345312,41133
2833600,74,V Rising - Legacy of Castlevania Premium Pack,0,0
582160,75,Assassin&apos;s Creed Origins,328917,4576
1203620,76,Enshrouded,280385,8723
1128860,77,Men of War II,44112,3625
2111190,78,Mullet Mad Jack,15387,789
1812450,79,Bellwright,92783,9029
1887840,80,Another Crab&apos;s Treasure,27323,2173
1623730,81,Palworld,531606,32092
1174180,82,Red Dead Redemption 2,751389,34695
1895880,83,Ratchet &amp; Clank: Rift Apart,45967,1289
1551360,84,Forza Horizon 5,418478,18420
1840080,85,Homeworld 3,91897,2905
440,86,Team Fortress 2,1356309,78141
1627720,87,Lies of P,125048,1982
1144200,88,Ready or Not,413515,6123
2399830,89,ARK: Survival Ascended,138585,21817
739630,90,Phasmophobia,374650,19208
1364780,91,Street Fighter™ 6,106776,25782
2649240,92,FINAL FANTASY XIV: Dawntrail</a></td>  <td data-sort=483>#483</td>  <td data-sort=0>0</td> <td data-sort=0>0</td> </tr>  <tr class=app data-appid=460930 data-cache=1706546324> <td data-sort=93>#93</td> <td class=applogo text-left><a href=/app/460930/charts/ aria-hidden=true><img src=/static/img/applogo.svg alt=></a></td> <td><a href=/app/460930/charts/>Tom Clancy&apos;s Ghost Recon® Wildlands,418336,4569
284160,94,BeamNG.drive,361986,22094
648800,95,Raft,598773,19687
960170,96,DJMAX RESPECT V,54392,2699
431960,97,Wallpaper Engine,1155578,105011
1284190,98,The Planet Crafter,131904,9794
1289670,99,EA Play,0,0
2840100,100,Stellaris: The Machine Age,0,0
1250410,101,Microsoft Flight Simulator,139776,8671
2461850,102,"Senua’s Saga: Hellblade II</a></td>  <td data-sort=57>#57</td>  <td data-sort=22354>22,354</td> <td data-sort=0>0</td> </tr>  <tr class=app data-appid=2808930 data-cache=1715549772> <td data-sort=103>#103</td> <td class=applogo text-left><a href=/app/2808930/charts/ aria-hidden=true><img src=/static/img/applogo.svg alt=></a></td> <td><a href=/app/2808930/charts/>Lust Goddess",10230,4617
763890,104,Wildermyth,82707,1805
529340,105,Victoria 3,157191,10896
960090,106,Bloons TD 6,79440,16589
2420110,107,Horizon Forbidden West™ Complete Edition,89084,9514
2357570,108,Overwatch® 2,73354,48524
2349820,109,Hero&apos;s Land,8517,32925
1059530,110,Valve Index Headset,10437,0
386940,111,Ultimate Chicken Horse,113269,4137
444200,112,World of Tanks Blitz,167704,13653
1492070,113,Sker Ritual,26831,1027
242050,114,Assassin&apos;s Creed IV Black Flag,138121,2127
2338770,115,NBA 2K24,28087,21345
1092790,116,Inscryption,111692,2851
22380,117,Fallout: New Vegas,164184,28358
447040,118,Watch_Dogs 2,326838,2835
1145360,119,Hades,282521,32252
1150530,120,Wizard with a Gun,49074,3613
311210,121,Call of Duty: Black Ops III,369149,8311
108600,122,Project Zomboid,455973,27238
2426960,123,Summoners War,10456,18742
1282100,124,Remnant II,135424,4930
489830,125,The Elder Scrolls V: Skyrim Special Edition,495517,26860
2379780,126,Balatro,44605,15291
2380740,127,RimWorld - Anomaly,0,0
266410,128,iRacing,41924,393
392160,129,X4: Foundations,130043,3496
646570,130,Slay the Spire,212354,21365
221100,131,DayZ,602626,54166
2073850,132,THE FINALS,326683,18015
457140,133,Oxygen Not Included,377837,13710
2054970,134,Dragon&apos;s Dogma 2,200069,6898
238960,135,Path of Exile,261633,21807
1286830,136,STAR WARS™: The Old Republic™,241068,7167
983870,137,FOUNDRY,32449,4058
262060,138,Darkest Dungeon®,349655,8074
2488620,139,"F1® 24</a></td>  <td data-sort=359>#359</td>  <td data-sort=6446>6,446</td> <td data-sort=0>0</td> </tr>  <tr class=app data-appid=2106670 data-cache=1716131827> <td data-sort=140>#140</td> <td class=applogo text-left><a href=/app/2106670/charts/ aria-hidden=true><img src=/static/img/applogo.svg alt=></a></td> <td><a href=/app/2106670/charts/>Gatekeeper",12132,1541
761890,141,Albion Online,90810,22074
244210,142,Assetto Corsa,271340,17396
105600,143,Terraria,811834,35779
2141910,144,Magic: The Gathering Arena,9740,5967
534380,145,Dying Light 2: Reloaded Edition,408764,6774
949230,146,Cities: Skylines II,261538,7519
1401590,147,Disney Dreamlight Valley,58973,5208
1997040,148,MARVEL SNAP,16296,6070
1435790,149,Escape Simulator,70140,1141
1938090,150,Call of Duty®,544993,110414
703080,151,Planet Zoo,329574,5937
1607890,152,Risk of Rain 2 - Expansion 1,0,0
1451190,153,Undisputed,60658,2076
2004210,154,Euro Truck Simulator 2 - West Balkans,0,0
2854750,155,Europa Universalis IV: Winds of Change,0,0
289130,156,ENDLESS™ Legend,145944,6138
594650,157,Hunt: Showdown,467396,20958
2524890,158,Pixel Gun 3D: PC Edition,26436,5579
1778820,159,TEKKEN 8,77326,10667
1649240,160,Returnal™,48862,426
346110,161,ARK: Survival Evolved,1537312,35746
1209460,162,Euro Truck Simulator 2 - Iberia,0,0
1290000,163,PowerWash Simulator,66653,2421
582010,164,Monster Hunter: World,855664,68889
427520,165,Factorio,366675,17891
1284210,166,Guild Wars 2,69159,4675
1943950,167,Escape the Backrooms,88542,4249
1456760,168,ROBOBEAT,5915,456
962130,169,Grounded,302624,7991
1149620,170,Gas Station Simulator,47873,1213
1794680,171,Vampire Survivors,111896,7877
322330,172,Don&apos;t Starve Together,663661,49075
1466860,173,Age of Empires IV: Anniversary Edition,271444,17546
1260320,174,Party Animals,592651,4707
4000,175,Garry&apos;s Mod,739936,34829
814380,176,Sekiro™: Shadows Die Twice,593611,10886
250900,177,The Binding of Isaac: Rebirth,296753,21121
371970,178,Barony,28329,970
438100,179,VRChat,200795,42751
251570,180,7 Days to Die,467586,60925
1885110,181,Cryptmaster,5949,390
1407200,182,World of Tanks,82685,5473
12210,183,Grand Theft Auto IV: The Complete Edition,153415,3859
289070,184,Sid Meier&apos;s Civilization VI,751092,60048
813780,185,Age of Empires II: Definitive Edition,233989,24087
1874880,186,Arma Reforger,57996,3634
2534090,187,Stellaris: Astral Planes,0,0
2835570,188,Buckshot Roulette,32792,1954
1696780,189,Steam Deck Dock,273,0
244850,190,Space Engineers,329688,8784
400750,191,Call to Arms - Gates of Hell: Ostfront,79726,4295
805550,192,Assetto Corsa Competizione,123186,6871
1385380,193,Across the Obelisk,29778,2284
990080,194,Hogwarts Legacy,617632,9344
1371980,195,No Rest for the Wicked,113331,3081
1158160,196,Coral Island,127619,3326
2891710,197,Total War: WARHAMMER III - Malakai – Thrones of Decay,0,0
2783780,198,Call of Duty®: Modern Warfare® III - Tracer Pack: Trash Talk 2.0 Ultra Skin Pro Pack,0,0
393380,199,Squad,651747,22389
1465460,201,Infection Free Zone,129998,1974
1517290,202,Battlefield™ 2042,326161,18743
767560,203,War Robots,27309,1980
423580,204,Project Highrise,39047,485
2325832,205,Total War: WARHAMMER III - Elspeth – Thrones of Decay,0,0
386360,206,SMITE,245670,14687
2290180,207,Riders Republic,45263,1130
216150,208,MapleStory,18077,7631
2935580,209,Wildermyth - Omenroad,0,0
2311920,210,Crusader Kings III: Tours &amp; Tournaments,0,0
1465750,211,American Truck Simulator - Texas,0,0
1063730,212,New World,403894,8731
2239550,213,Watch Dogs: Legion,21114,959
518790,214,theHunter: Call of the Wild™,497782,4393
2273430,215,BlazBlue Entropy Effect,50045,1890
291550,216,Brawlhalla,184355,18169
1716740,217,Starfield,471744,11933
1471270,218,Seablip,5888,260
766570,219,Russian Fishing 4,86455,22373
1066780,220,Transport Fever 2,100822,4558
899770,221,Last Epoch,203741,5605
1260820,222,Third Crisis,15285,373
2336880,223,Destiny 2: The Final Shape</a></td>  <td data-sort=1043>#1043</td>  <td data-sort=0>0</td> <td data-sort=0>0</td> </tr>  <tr class=app data-appid=1304930 data-cache=1715955794> <td data-sort=224>#224</td> <td class=applogo text-left><a href=/app/1304930/charts/ aria-hidden=true><img src=/static/img/applogo.svg alt=></a></td> <td><a href=/app/1304930/charts/>The Outlast Trials,160304,1831
880940,225,Pummel Party,147856,2902
2380030,226,Stellaris: Galactic Paragons,0,0
2050650,227,Resident Evil 4,227644,6138
391220,228,Rise of the Tomb Raider,379091,2322
304390,229,For Honor,277244,4935
2298430,230,American Truck Simulator - Kansas,0,0
2668080,231,SNOWBREAK,10088,2968
2378500,232,Digital Deluxe Edition DLC,0,0
1973530,233,Limbus Company,26839,12941
835960,234,The Talos Principle 2,26278,561
2321470,235,Deep Rock Galactic: Survivor,66757,4880
1149460,236,Icarus,214461,2964
2818260,237,Vigor,10620,615
2418520,238,Farm Together 2,6120,3745
2315690,239,WWE 2K24,7533,2497
286160,240,Tabletop Simulator,204887,8614
1581770,241,SpellForce: Conquest of Eo,22885,175
1945340,242,Destiny 2: Lightfall,0,0
1190000,243,Car Mechanic Simulator 2021,71158,2562
337320,244,Paint the Town Red,53055,944
243470,245,Watch_Dogs,97439,2182
1361210,246,"Warhammer 40,000: Darktide",192949,5346
1384160,247,GUILTY GEAR -STRIVE-,95694,2918
2891700,248,Total War: WARHAMMER III - Tamurkhan – Thrones of Decay,0,0
934700,249,Dead Island 2,25768,2637
550,250,Left 4 Dead 2,1119735,29194
1868140,251,DAVE THE DIVER,166852,5037
2897800,252,Jurassic World Evolution 2: Park Managers&apos; Collection Pack,0,0
1826140,253,RimWorld - Biotech,0,0
1343400,254,RuneScape,49511,3802
881020,255,Granblue Fantasy: Relink,123997,5098
2783760,256,Call of Duty®: Modern Warfare® III - BlackCell (Season 3),0,0
1574240,257,Dread Delusion,21055,1023
1659040,258,HITMAN World of Assassination,65516,3046
2358430,259,V Rising - Sinister Evolution Pack,0,0
311690,260,Enter the Gungeon,157085,1882
594570,261,Total War: WARHAMMER II,399842,3696
242760,262,The Forest,741987,5391
1888930,263,The Last of Us™ Part I,170529,1231
2101430,264,Dead Cells: Return to Castlevania,0,0
750920,265,Shadow of the Tomb Raider,246836,1543
1106840,266,Hydroneer,50378,2055
1129580,267,Medieval Dynasty,256682,4278
2161700,268,Persona 3 Reload,71423,5296
1465360,269,SnowRunner,100612,4429
526870,270,Satisfactory,323441,12453
1135690,271,Unpacking,61617,609
1371580,272,Myth of Empires,101921,15950
548430,273,Deep Rock Galactic,2508472,13363
1229490,274,ULTRAKILL,78262,4096
925580,275,Euro Truck Simulator 2 - Beyond the Baltic Sea,0,0
1426210,276,It Takes Two,410389,9227
1206560,277,WorldBox - God Simulator,151352,1844
440900,278,Conan Exiles,308043,10427
2325830,279,Total War: WARHAMMER III – Shadows of Change,0,0
620980,280,Beat Saber,155632,976
1250,281,Killing Floor,112407,1075
22370,282,Fallout 3 - Game of the Year Edition,86743,4481
264710,283,Subnautica,594701,4444
2209650,284,American Truck Simulator - Oklahoma,0,0
1476970,285,Legends of Idleon MMO,16822,8898
304212,286,Euro Truck Simulator 2 - Scandinavia,0,0
1533390,287,Gorilla Tag,44288,1617
1996010,288,Crow Country,9561,408
261550,289,Mount &amp; Blade II: Bannerlord,835406,24402
558244,290,Euro Truck Simulator 2 - Italia,0,0
107410,291,Arma 3,705701,17970
945360,292,Among Us,324675,7801
683320,293,GRIS,125427,462
2183930,294,Hearts of Iron IV: Arms Against Tyranny,0,0
1593030,295,Terra Nil,78151,312
2654470,296,BUNNY GARDEN,12441,750
531130,297,Euro Truck Simulator 2 - Vive la France !,0,0
1888160,298,ARMORED CORE™ VI FIRES OF RUBICON™,196175,2087
8930,299,Sid Meier&apos;s Civilization V,183940,20702
368500,300,Assassin&apos;s Creed Syndicate,177235,875
9900,301,Star Trek Online,61396,1414
916440,302,Anno 1800,128938,3987
686810,303,Hell Let Loose,311913,8680
282800,304,100% Orange Juice,30004,4551
223750,305,DCS World Steam Edition,284177,1560
1811080,306,American Truck Simulator - Montana,0,0
1056760,307,Euro Truck Simulator 2 - Road to the Black Sea,0,0
1665460,308,eFootball™ 2024,70204,11763
1962660,309,Call of Duty®: Modern Warfare® II - Campaign,0,0
2881150,310,ARK: Bob&apos;s Tall Tales,0,0
1603640,311,The House of Da Vinci 3,4926,108
202970,312,Call of Duty: Black Ops II,143811,272
233450,313,Prison Architect,204549,1920
1771700,314,Vaygren - Lustful Temptation,10818,151
1303182,315,Crusader Kings III: Royal Court,0,0
1520470,316,封灵档案/Soul Dossier,62478,2330
1059550,317,Valve Index Controllers,7000,0
1017180,318,The Long Drive,54419,1063
976730,319,Halo: The Master Chief Collection,474370,5940
367520,320,Hollow Knight,359211,7188
669330,321,Mechabellum,29030,2466
1372110,322,JoJo&apos;s Bizarre Adventure: All-Star Battle R,45459,325
268910,323,Cuphead,313791,2177
1189100,324,Rise Of The White Sun,12383,209
311290,325,SpellForce 3 Reforced,102102,34
513710,326,SCUM,388368,27775
1262350,327,SIGNALIS,55018,381
1240440,328,Halo Infinite,222788,5273
1309950,329,Children of the Sun,10148,110
380600,330,Fishing Planet,102079,4525
2437170,331,"SMITE 2</a></td>  <td data-sort=55>#55</td>  <td data-sort=39500>39,500</td> <td data-sort=0>0</td> </tr>  <tr class=app data-appid=1337520 data-cache=1715995273> <td data-sort=332>#332</td> <td class=applogo text-left><a href=/app/1337520/charts/ aria-hidden=true><img src=/static/img/applogo.svg alt=></a></td> <td><a href=/app/1337520/charts/>Risk of Rain Returns",52475,655
1875830,333,"Shin Megami Tensei V: Vengeance</a></td>  <td data-sort=140>#140</td>  <td data-sort=8966>8,966</td> <td data-sort=0>0</td> </tr>  <tr class=app data-appid=2719200 data-cache=1716121048> <td data-sort=334>#334</td> <td class=applogo text-left><a href=/app/2719200/charts/ aria-hidden=true><img src=/static/img/applogo.svg alt=></a></td> <td><a href=/app/2719200/charts/>SAMURAI WARRIORS 4 DX",2964,305
2008920,335,Lorelei and the Laser Eyes,2636,476
274170,336,Hotline Miami 2: Wrong Number,80152,815
2140020,337,Stronghold: Definitive Edition,39978,878
1415692,338,American Truck Simulator - Wyoming,0,0
1118010,339,Monster Hunter World: Iceborne,0,0
1985810,340,Call of Duty®: Black Ops Cold War,25886,1461
799960,341,Wizard101,12298,1098
1493640,342,Banishers: Ghosts of New Eden,44693,537
392110,343,ENDLESS™ Space 2,171363,1027
219150,344,Hotline Miami,48668,878
1940340,345,Darkest Dungeon® II,74849,1383
1357210,346,Galactic Civilizations IV,26945,551
1062810,347,Inkbound,24076,756
2186680,348,"Warhammer 40,000: Rogue Trader",94955,2868
2593370,349,饿殍：明末千里行,15293,2271
756800,350,Contraband Police,76846,1059
975370,351,Dwarf Fortress,187128,1527
2277860,352,Stellaris: First Contact Story Pack,0,0
1049590,353,Eternal Return,82836,13227
1817070,354,Marvel’s Spider-Man Remastered,172906,1948
219740,355,Don&apos;t Starve,198709,3093
1983900,356,V Rising - Dracula&apos;s Relics Pack,0,0
1217060,357,Gunfire Reborn,119225,3801
379430,358,Kingdom Come: Deliverance,364579,9356
275850,359,No Man&apos;s Sky,766536,6710
1147560,360,Skul: The Hero Slayer,110188,3041
1669000,361,Age of Wonders 4,82062,2703
1124300,362,HUMANKIND™,201067,1423
635260,363,CarX Drift Racing Online,82917,3138
517630,364,Just Cause 4,103402,1464
1889490,365,Stellaris: Overlord,0,0
2331330,366,The Bridge Curse 2: The Extrication,5579,895
1190970,367,House Flipper 2,56577,1775
1446780,368,MONSTER HUNTER RISE,195106,19386
552520,369,Far Cry 5,395810,2646
2362300,370,Train Sim World® 4,12936,908
1785650,371,TopSpin 2K25,4462,1147
460950,372,Katana ZERO,91954,399
1611600,373,WARNO,56291,1342
2887680,374,Vampire Survivors: Operation Guns,0,0
894020,375,Death&apos;s Door,61695,378
1452490,376,Oxygen Not Included - Spaced Out!,0,0
200210,377,Realm of the Mad God Exalt,41521,2219
2071280,378,Ravenswatch,63474,1586
953490,379,CARRION,77941,299
588430,380,Fallout Shelter,106031,5350
359320,381,Elite Dangerous,301850,4756
617290,382,Remnant: From the Ashes,184661,1026
728880,383,Overcooked! 2,186495,5925
601510,384,Yu-Gi-Oh! Duel Links,79055,3672
1332010,385,Stray,345464,621
2788520,386,Cozy Caravan,3194,178
1746860,387,The Elder Scrolls V: Skyrim Anniversary Upgrade,0,0
436150,388,Governor of Poker 3,10506,43881
230290,389,Universe Sandbox,162967,648
1974050,390,Torchlight: Infinite,20696,2081
2015270,391,Rotwood,37700,2695
1593500,392,God of War,265156,2721
364360,393,Total War: WARHAMMER,322910,603
516750,394,My Summer Car,114760,2835
1348661,395,Hearts of Iron IV: No Step Back,0,0
2738380,396,Internet Cafe &amp; Supermarket Simulator 2024,1362,465
2487480,397,New World Rise of the Angry Earth,0,0
2231380,398,Ghost Recon Breakpoint,37743,1871
1274570,399,DEVOUR,74582,2237
1056640,400,Phantasy Star Online 2 New Genesis,79612,2415
2059170,401,Quasimorph,30545,521
1167630,402,Teardown,184874,3674
1253920,403,Rogue Legacy 2,56748,710
2671060,404,Crusader Kings III: Legends of the Dead,0,0
774801,405,Crab Champions,42563,1543
2176570,406,My Holiness the Gobliness,3511,165
2707930,407,Palia,37900,9538
2666510,408,Rusty&apos;s Retirement,17204,6534
1458140,409,Pacific Drive,84838,808
274190,410,Broforce,111639,934
1880650,411,Hearts of Iron IV: By Blood Alone,0,0
986130,412,Shadows of Doubt,73755,842
546560,413,Half-Life: Alyx,238818,518
2059190,414,Total War: WARHAMMER III - Forge of the Chaos Dwarfs,0,0
365360,415,Battle Brothers,74381,1832
985810,416,GrandChase,71299,2395
1588010,417,PGA TOUR 2K23,5511,1934
2313540,418,Crusader Kings III: Legacy of Persia,0,0
218620,419,PAYDAY 2,8308999,34310
244450,420,Men of War: Assault Squad 2,126136,2652
2591280,421,"F1® Manager 2024</a></td>  <td data-sort=443>#443</td>  <td data-sort=2706>2,706</td> <td data-sort=0>0</td> </tr>  <tr class=app data-appid=1527950 data-cache=1714730028> <td data-sort=422>#422</td> <td class=applogo text-left><a href=/app/1527950/charts/ aria-hidden=true><img src=/static/img/applogo.svg alt=></a></td> <td><a href=/app/1527950/charts/>Wartales",189844,2897
655500,423,MX Bikes,17088,3147
997010,424,Police Simulator: Patrol Officers,74321,500
911400,425,Assassin&apos;s Creed III Remastered,15911,663
2889290,426,My Shameless StepMom,855,71
2060160,427,The Farmer Was Replaced,1272,583
973230,428,We Who Are About To Die,52239,285
376210,429,The Isle,201570,6407
247080,430,Crypt of the NecroDancer,78340,352
445980,431,Wizard of Legend,104994,584
2294450,432,CaseCracker2,2046,929
629730,433,Blade &amp; Sorcery,72423,982
1020790,434,NARUTO X BORUTO Ultimate Ninja STORM CONNECTIONS,26316,235
1522820,435,Orcs Must Die! 3,47332,855
1721470,436,Poppy Playtime,110333,1398
1180320,437,三国杀,5501,1814
1140001,438,Stellaris: Federations,0,0
1536090,439,Echoes of the Plum Grove,10159,1118
573090,440,Stormworks: Build and Rescue,82138,2891
1601580,441,"Frostpunk 2</a></td>  <td data-sort=3>#3</td>  <td data-sort=129273>129,273</td> <td data-sort=0>0</td> </tr>  <tr class=app data-appid=397540 data-cache=1715995562> <td data-sort=442>#442</td> <td class=applogo text-left><a href=/app/397540/charts/ aria-hidden=true><img src=/static/img/applogo.svg alt=></a></td> <td><a href=/app/397540/charts/>Borderlands 3",200245,4032
1548850,443,Six Days in Fallujah,95697,351
341800,444,Keep Talking and Nobody Explodes,112786,413
1182900,445,A Plague Tale: Requiem,64331,452
2914120,446,Space Engineers - Signal Pack,0,0
2421410,447,Cyber Manhunt 2: New World,5550,949
1013320,448,Firestone: Online Idle RPG,5174,2772
1658280,449,Eiyuden Chronicle: Hundred Heroes,27192,2125
872670,450,SCP: 5K - Alpha Testing,80735,979
1273400,451,Construction Simulator,47027,982
1566690,452,Outpost: Infinity Siege,63601,1977
553280,453,Stellaris: Utopia,0,0
2080690,454,Sunkenland,139251,1269
1270580,455,Mind Over Magic,34600,574
1686940,456,Bopl Battle,12436,1005
1619750,457,Karryn&apos;s Prison,23689,237
1629520,458,A Little to the Left,31163,389
1959430,459,Age of Empires IV:  The Sultans Ascend,0,0
2221840,460,"Sex and the Furry Titty 3: Come Inside, Sweety",3086,126
431240,461,Golf With Your Friends,80496,2192
753640,462,Outer Wilds,140815,1042
42700,463,Call of Duty: Black Ops,75017,646
227310,464,Euro Truck Simulator 2 - Going East!,0,0
815370,465,Green Hell,279978,4043
410340,466,Liftoff,25420,777
1059570,467,Valve Index Base Station,6404,0
1392840,468,RimWorld - Ideology,0,0
2922730,469,Dead by Daylight - Endless Hunt Pack,0,0
2646130,470,Cult of the Lamb: Sinful Pack,0,0
2447590,471,Call to Arms - Gates of Hell: Liberation,0,0
2671070,472,Crusader Kings III: Roads to Power</a></td>  <td data-sort=1265>#1265</td>  <td data-sort=0>0</td> <td data-sort=0>0</td> </tr>  <tr class=app data-appid=1929610 data-cache=1713366751> <td data-sort=473>#473</td> <td class=applogo text-left><a href=/app/1929610/charts/ aria-hidden=true><img src=/static/img/applogo.svg alt=></a></td> <td><a href=/app/1929610/charts/>Demonologist,61814,1125
2440510,474,Forza Motorsport,26731,791
671860,475,BattleBit Remastered,205522,4005
2116120,476,Incursion Red River,33801,272
1282730,477,Loop Hero,59561,1080
225540,478,Just Cause 3,313071,1810
1094390,479,Waltz of the Wizard,2453,74
2411231,480,Victoria 3: Sphere of Influence</a></td>  <td data-sort=1069>#1069</td>  <td data-sort=0>0</td> <td data-sort=0>0</td> </tr>  <tr class=app data-appid=965580 data-cache=1715995367> <td data-sort=481>#481</td> <td class=applogo text-left><a href=/app/965580/charts/ aria-hidden=true><img src=/static/img/applogo.svg alt=></a></td> <td><a href=/app/965580/charts/>Root,22283,362
1188930,482,Chrono Ark,30901,3752
2763670,483,Arctic Eggs,1399,121
961200,484,Predecessor,61626,4099
1494810,485,Mortal Sin,14240,155
493340,486,Planet Coaster,289548,2215
454650,487,DRAGON BALL XENOVERSE 2,176076,1438
438040,488,Shakes and Fidget,22696,3156
2708450,489,Oh Deer,12706,203
204100,490,Max Payne 3,55990,569
1866320,491,Baladins,4899,116
1209471,492,American Truck Simulator - Colorado,0,0
2427700,493,Backpack Battles,42989,6298
1307890,494,Kingdoms Reborn,96649,1131
1971870,495,Mortal Kombat 1,76101,1820
1599600,496,PlateUp!,34667,2330
2581700,497,MotoGP™24,1580,741
1931770,498,Chants of Sennaar,25657,418
993090,499,Lossless Scaling,9789,1634
19680,500,Alice: Madness Returns,51406,792
1522090,501,Stellaris: Nemesis,0,0
2010030,502,Denizen,7602,261
391540,503,Undertale,348411,1305
49520,504,Borderlands 2,292257,3866
1259420,505,Days Gone,173872,3218
2325290,506,Sky: Children of the Light,64038,5026
552500,507,Warhammer: Vermintide 2,231973,3569
444090,508,Paladins,344339,6961
365590,509,Tom Clancy&apos;s The Division,466130,775
2449710,510,Town of Sins,6220,337
253230,511,A Hat in Time,92237,300
322170,512,Geometry Dash,125904,22491
2203070,513,Dragonheir: Silent Gods,17631,1437
374320,514,DARK SOULS™ III,615988,11643
20920,515,The Witcher 2: Assassins of Kings Enhanced Edition,96368,808
1302240,516,Labyrinthine,35740,520
2072450,517,Like a Dragon: Infinite Wealth,39790,3184
620,518,Portal 2,338272,2884
1258080,519,Shop Titans,19739,5573
585420,520,Trailmakers,64166,1765
2738670,521,PMC Promiscuity,436,54
2273420,522,Peeping Dorm Manager,28571,338
47890,523,The Sims™ 3,105281,2197
580100,524,Darkest Dungeon®: The Crimson Court,0,0
1928870,525,Minecraft Legends,29440,82
38420,526,Fallout Tactics,14144,141
1509960,527,PICO PARK,52849,625
435150,528,Divinity: Original Sin 2,488935,8385
1296830,529,暖雪 Warm Snow,77820,2027
977950,530,A Dance of Fire and Ice,60633,3053
2453360,531,鸡械绿洲,3490,4758
1222140,532,Detroit: Become Human,176083,1833
2837730,533,Planet Zoo: Barnyard Animal Pack,0,0
2099110,534,The Classrooms,2389,181
1135230,535,Ember Knights,24432,685
2015890,536,Cult of the Lamb Soundtrack,0,0
1546400,537,GigaBash,10024,164
1928980,538,Nightingale,171022,988
326360,539,Warspear Online,7615,264
1380070,540,Slaves of Rome,17033,161
1990040,541,X4: Kingdom End,0,0
613100,542,House Flipper,237834,2233
1209470,543,American Truck Simulator - Idaho,0,0
2157560,544,Granblue Fantasy Versus: Rising,21919,758
1740720,545,Have a Nice Death,72813,271
936790,546,Life is Strange: True Colors,49210,236
784080,547,MechWarrior 5: Mercenaries,45081,1229
2066020,548,Soulstone Survivors,46732,2630
1817800,549,Oddsparks: An Automation Adventure,14188,442
1029690,550,Sniper Elite 5,70240,2154
1340480,551,The Cosmic Wheel Sisterhood,16871,143
1265920,552,Life is Strange Remastered,21741,252
2553870,553,The Genesis Order,27788,507
1687950,554,Persona 5 Royal,119083,16484
1562430,555,DREDGE,108704,499
418530,556,Spelunky 2,25788,665
2806860,557,Jurassic World Evolution 2: Secret Species Pack,0,0
1432860,558,Sun Haven,83546,2058
307690,559,Sleeping Dogs: Definitive Edition,99935,1487
2221490,560,Tom Clancy&apos;s The Division 2,31063,2133
505460,561,Foxhole,176216,2778
1062090,562,Timberborn,153478,3049
1979440,563,SAND LAND,24494,381
1957780,564,Ghosts Of Tabor,20952,577
1850160,565,Poly Bridge 3,8311,224
2947560,566,DJMAX RESPECT V - CLEAR PASS : S12 PREMIUM TICKET,0,0
638510,567,dotAGE,11712,455
1084600,568,My Time at Sandrock,128423,2097
2681820,569,DJMAX RESPECT V - V EXTENSION V PACK,0,0
2659380,570,Hydroneer: Journey to Volcalidus,0,0
2384620,571,Out of the Park Baseball 25,1426,1397
2167580,572,Summoners War: Chronicles,20379,2814
2225070,573,Trackmania,6486,1895
1774580,574,STAR WARS Jedi: Survivor™,124495,4073
464920,575,Surviving Mars,147250,1164
1214470,576,Hotel Renovator,14079,347
684630,577,American Truck Simulator - New Mexico,0,0
1373960,578,INDIKA,18507,232
933110,579,Age of Empires III: Definitive Edition,90066,6421
1426300,580,The Binding of Isaac: Repentance,0,0
1335200,581,Action Taimanin,60381,1659
2223660,582,Europa Universalis IV: Domination,0,0
1015160,583,American Truck Simulator - Washington,0,0
1580050,584,Dead Cells: The Queen and the Sea,0,0
881100,585,Noita,163838,3866
1585220,586,Melatonin,22172,134
1054490,587,Wingspan,26866,866
2502910,588,Europa Universalis IV: King of Kings,0,0
1966010,589,Jurassic World Evolution 2: Dominion Biosyn Expansion,0,0
1126320,590,Being a DIK,52456,389
1485590,591,ENDLESS™ Dungeon,60173,151
1557740,592,ROUNDS,17555,1428
1677740,593,Stumble Guys,76591,8350
2661270,594,Dead by Daylight - All Things Wicked Chapter,0,0
2695150,595,Country Pack - Hearts of Iron IV: Trial of Allegiance,0,0
2473420,596,Football Manager 2024 In-game Editor,0,0
800370,597,American Truck Simulator - Oregon,0,0
1942280,598,Brotato,58667,6273
1104880,599,American Truck Simulator - Utah,0,0
2681600,600,SpellForce: Conquest of Eo - Demon Scourge,0,0
386180,601,Crossout,104986,5210
1154040,602,SpellForce 3: Fallen God,17639,11
1184370,603,Pathfinder: Wrath of the Righteous - Enhanced Edition,112658,2803
716670,604,Stellaris: Apocalypse,0,0
2177430,605,Jurassic World Evolution 2: Dominion Malta Expansion,0,0
559650,606,Witch It,97950,666
1462040,607,FINAL FANTASY VII REMAKE INTERGRADE,124837,2330
1677280,608,Company of Heroes 3,133180,5109
1149640,609,RimWorld - Royalty,0,0
1211630,610,The Jackbox Party Pack 7,14054,523
632300,611,Hobo: Tough Life,54865,530
1286580,612,Ship of Fools,26870,474
692890,613,Roboquest,41279,786
1061910,614,Metal: Hellsinger,55594,151
2700610,615,Assetto Corsa Competizione - 24H Nürburgring Pack,0,0
1607250,616,MY HERO ULTRA RUMBLE,29815,1771
1556790,617,Isonzo,42849,472
2140330,618,Madden NFL 24,5851,3644
214950,619,Total War: ROME II - Emperor Edition,149392,6640
2484250,620,ASTRA: Knights of Veda,11427,2219
1158100,621,Hearts of Iron IV: La Résistance,0,0
2399420,622,Le Mans Ultimate,14560,571
2248760,623,Car For Sale Simulator 2023,26143,650
2719160,624,Contractors Showdown,4255,261
257510,625,The Talos Principle,178831,466
1549250,626,Undecember,83441,2931
674940,627,Stick Fight: The Game,147679,1051
2014780,628,X-Plane 12,19635,749
1657630,629,Slime Rancher 2,134904,615
790740,630,Tick Tock: A Tale for Two,16935,602
1118200,631,People Playground,81276,8403
2662630,632,The Elder Scrolls Online: Gold Road</a></td>  <td data-sort=570>#570</td>  <td data-sort=0>0</td> <td data-sort=0>0</td> </tr>  <tr class=app data-appid=2331540 data-cache=1715995068> <td data-sort=633>#633</td> <td class=applogo text-left><a href=/app/2331540/charts/ aria-hidden=true><img src=/static/img/applogo.svg alt=></a></td> <td><a href=/app/2331540/charts/>Cult of the Lamb: Heretic Pack,0,0
2750080,634,The Settlers: New Allies,6582,350
2115770,635,Stellaris: Toxoids Species Pack,0,0
1222700,636,A Way Out,72581,1041
1818450,637,STALCRAFT,37922,9051
944290,638,Stellaris: MegaCorp,0,0
1817190,639,Marvel&apos;s Spider-Man: Miles Morales,101052,767
714010,640,Aimlabs,151981,8640
1296610,641,Peglin,26502,792
1621690,642,Core Keeper,119401,3233
434170,643,The Jackbox Party Pack 3,17024,792
931500,644,Touhou Genso Wanderer -Reloaded- / 不可思议的幻想乡TOD -RELOADED- / 不思議の幻想郷TOD -RELOADED-,19220,264
637090,645,BATTLETECH,120011,2456
1205970,646,MX vs ATV Legends,5668,178
24010,647,Train Simulator,77907,1161
508440,648,Totally Accurate Battle Simulator,335345,2075
905370,649,Conqueror&apos;s Blade,64290,1713
1451460,650,Dead Cells: Fatal Falls,0,0
512900,651,Streets of Rogue,95202,857
1211020,652,Wobbly Life,26099,1526
239030,653,"Papers, Please",112695,628
1937780,654,Total War: PHARAOH,38191,805
2555190,655,Poppy Playtime - Chapter 3,0,0
1331550,656,Big Ambitions,52767,938
817540,657,SpellForce 3: Soul Harvest,20850,5
2693060,658,Garten of Banban 7,4914,287
1556100,659,"Killer Klowns From Outer Space: The Game</a></td>  <td data-sort=276>#276</td>  <td data-sort=9567>9,567</td> <td data-sort=0>0</td> </tr>  <tr class=app data-appid=2155180 data-cache=1715966792> <td data-sort=660>#660</td> <td class=applogo text-left><a href=/app/2155180/charts/ aria-hidden=true><img src=/static/img/applogo.svg alt=></a></td> <td><a href=/app/2155180/charts/>Pioneers of Pagonia",72278,456
1824220,661,Chivalry 2,104828,2174
1997480,662,Liu Shan Maker,4081,125
1634050,663,Valve Index Replacement Tether,1030,0
2764370,664,星之翼（Starward）,635,1084
304050,665,Trove,121492,1316
557340,666,My Friend Pedro,80988,144
3590,667,Plants vs. Zombies: Game of the Year,105260,6015
718670,668,Cultist Simulator,39258,486
2216830,669,The Jackbox Party Pack 10,3328,169
2000950,670,Call of Duty®: Modern Warfare®,33697,1096
632470,671,Disco Elysium,204575,2161
1097350,672,Weird West: Definitive Edition,50529,149
2006140,673,Withering Rooms,5410,184
1162750,674,Songs of Syx,39690,969
293760,675,Automation - The Car Company Tycoon Game,56025,740
2363410,676,Killing Floor 2 - Cosmetics Season Pass,0,0
110800,677,L.A. Noire,48006,516
699130,678,World War Z,91573,2281
871540,679,BMX Streets,6363,317
667970,680,VTOL VR,28582,410
2689700,681,Homeworld 3 - Season Pass,0,0
2253310,682,Aimlabs +,0,0
913740,683,WORLD OF HORROR,62026,109
2076580,684,Pepper Grinder,6569,47
2113040,685,Rungore,4957,208
1002300,686,Fear &amp; Hunger,22365,574
313120,687,Stranded Deep,346922,598
1237950,688,STAR WARS™ Battlefront™ II,62666,3335
1987080,689,Inside the Backrooms,68509,840
1293830,690,Forza Horizon 4,300934,7506
1592190,691,BONELAB,36107,250
2015880,692,Cult of the Lamb: Cultist Pack,0,0
1366800,693,Crosshair X,11501,24729
488790,694,South Park The Fractured But Whole,108860,451
2060130,695,Return to Monkey Island,30140,131
1817230,696,Hi-Fi RUSH,72221,768
851850,697,DRAGON BALL Z: KAKAROT,147088,1056
751780,698,Forager,115188,1174
848450,699,Subnautica: Below Zero,235497,1572
815460,700,Hearts of Iron IV: Man the Guns,0,0
1562700,701,SANABI,22607,380
553420,702,TUNIC,71687,219
562810,703,Monopoly Plus,25688,405
1150690,704,OMORI,85430,743
361420,705,ASTRONEER,505259,1987
1336490,706,Against the Storm,117989,2479
2517200,707,Repair this!,814,289
201270,708,Total War: SHOGUN 2,0,0
16900,709,GROUND BRANCH,97810,494
1343370,710,Old School RuneScape,22201,1223
2613060,711,My Recycling Center,1472,130
1157390,712,King Arthur: Knight&apos;s Tale,58061,764
1259840,713,The House of Da Vinci 2,5958,68
203160,714,Tomb Raider,191441,1747
2879680,715,"Across the Obelisk: Nenukil, the Engineer",0,0
2477340,716,Expeditions: A MudRunner Game,34523,172
570940,717,DARK SOULS™: REMASTERED,135661,5953
2224460,718,Street Fighter™ 6 - Year 1 Character Pass,0,0
2108330,719,F1® 23,34216,5393
1677110,720,Lightyear Frontier,53909,187
212500,721,The Lord of the Rings Online™,81250,1211
1950450,722,Loop Queen-Escape Dungeon 3,11790,55
895870,723,Project Wingman,54079,272
1996840,724,Guild Wars 2 - Heart of Thorns &amp; Path of Fire Expansion Pack,0,0
1088850,725,Marvel&apos;s Guardians of the Galaxy,68820,287
2377410,726,Forsaken Quartet,842,107
1062160,727,Poly Bridge 2,25545,305
2591410,728,Moose Miners,1614,1037
571740,729,Golf It!,35121,1089
435881,730,Fallout 4 - Far Harbor,0,0
2413271,731,NBA 2K24 Hall of Fame Pass: Season 7,0,0
1672500,732,"GUNDAM BREAKER 4</a></td>  <td data-sort=281>#281</td>  <td data-sort=6621>6,621</td> <td data-sort=0>0</td> </tr>  <tr class=app data-appid=850190 data-cache=1715982987> <td data-sort=733>#733</td> <td class=applogo text-left><a href=/app/850190/charts/ aria-hidden=true><img src=/static/img/applogo.svg alt=></a></td> <td><a href=/app/850190/charts/>Goat Simulator 3",12400,272
1204130,734,Dead Cells: The Bad Seed,0,0
1547000,735,Grand Theft Auto: San Andreas - The Definitive Edition,18175,330
2695490,736,Age of Water,16466,965
1351240,737,Taxi Life: A City Driving Simulator,16158,196
1749080,738,Stellaris: Aquatics Species Pack,0,0
1605220,739,Dune: Spice Wars,129425,779
236110,740,Dungeon Defenders II,222214,794
745920,741,Temtem,146418,404
314650,742,SpaceEngine,68271,205
12200,743,Bully: Scholarship Edition,40797,522
509980,744,BIGFOOT,60344,219
774171,745,Muse Dash,128342,1297
1445790,746,Make Way,2438,181
2879690,747,Across the Obelisk: The Obsidian Uprising,0,0
633230,748,NARUTO TO BORUTO: SHINOBI STRIKER,141958,417
1268590,749,Millennia,38312,573
1176470,750,Terra Invicta,90410,903
204880,751,Sins of a Solar Empire: Rebellion,55959,883
2334730,752,Death Must Die,47928,2425
2313541,753,Crusader Kings III: Wards &amp; Wardens,0,0
2286780,754,Aeruta,2714,260
431730,755,Aseprite,39666,4691
854750,756,ENDLESS™ Legend - Inferno Expansion Pack,0,0
476600,757,Call of Duty: WWII,255529,420
1607680,758,Bread &amp; Fred,34437,127
312520,759,Rain World,76890,1359
988450,760,ENDLESS™ Legend – Symbiosis Expansion Pack,0,0
427730,761,Who&apos;s Your Daddy?!,86642,179
2024410,762,Farming Simulator 22 - Platinum Expansion,0,0
289650,763,Assassin&apos;s Creed Unity,196660,912
1119730,764,Ranch Simulator,71722,1520
2131680,765,METAL GEAR &amp; METAL GEAR 2: Solid Snake,8919,19
764790,766,The Messenger,28967,203
1881700,767,Undawn,20430,1232
2313330,768,TerraTech Worlds,23144,272
109600,769,Neverwinter,110239,1229
244160,770,Homeworld Remastered Collection,117102,746
401920,771,The Binding of Isaac: Afterbirth,0,0
269210,772,Hero Siege,60452,626
606880,773,GreedFall,163411,437
252530,774,OMSI 2,33123,1494
779340,775,Total War: THREE KINGDOMS,491813,9163
690790,776,DiRT Rally 2.0,100251,1292
1324130,777,Stranded: Alien Dawn,104230,1444
2139130,778,Wildermyth - Armors and Skins,0,0
10090,779,Call of Duty: World at War,89364,586
2610980,780,Jurassic World Evolution 2: Cretaceous Predator Pack,0,0
1113410,781,ARK: Genesis Season Pass,0,0
522470,782,The House of Da Vinci,13102,118
1196590,783,Resident Evil Village,178980,1617
1808680,784,Snufkin: Melody of Moominvalley,16263,82
702320,785,March of Empires,4438,1259
1974520,786,Dusk Pub,8260,240
233860,787,Kenshi,263809,4921
219990,788,Grim Dawn,255152,3406
1353230,789,Bomb Rush Cyberfunk,42000,199
2429860,790,Living With Sister: Monochrome Fantasy,21838,755
570660,791,The Binding of Isaac: Afterbirth+,0,0
552100,792,Brick Rigs,60340,1729
2663530,793,Pools,8002,109
1044720,794,Farthest Frontier,206003,1962
1333350,795,Angel Legion: LSP Idle RPG,24463,965
1659420,796,UNCHARTED™: Legacy of Thieves Collection,116484,821
569480,797,Kingdoms and Castles,143616,528
1235721,798,The Sims™ 4 Cats &amp; Dogs,0,0
427100,799,Fernbus Simulator,41171,311
329970,800,KeeperRL,23555,207
1128920,801,EVERSPACE™ 2,110512,945
1073440,802,コイカツ / Koikatsu Party,82886,201
1922560,803,Plants vs. Zombies™ Garden Warfare 2: Deluxe Edition,32225,980
2698940,804,The Crew Motorfest,5390,286
396750,805,EVERSPACE™,118614,160
499180,806,"Braid, Anniversary Edition",2640,256
2277300,807,NTR&apos;d By Clumsiness,1866,87
2718190,808,Substance 3D Painter 2024,1398,120
1592500,809,FINAL FANTASY XIV: Endwalker,0,0
1466640,810,Road 96,53922,266
1151640,811,Horizon Zero Dawn™ Complete Edition,260536,3843
1675830,812,1000xRESIST,3979,107
2727450,813,Battlefield 2042 Season 7 Battle Pass Ultimate Pack,0,0
323190,814,Frostpunk,365021,2993
2511580,815,Across The Obelisk: Sands of Ulminin,0,0
495420,816,State of Decay 2,129719,2407
2187220,817,Apollo Justice: Ace Attorney Trilogy,16774,608
581320,818,Insurgency: Sandstorm,247850,2258
2582650,819,Enishia and the Binding Brand,2641,734
1210320,820,Potion Craft: Alchemist Simulator,116167,540
747660,821,Five Nights at Freddy&apos;s: Security Breach,101793,347
2113850,822,Spirit City: Lofi Sessions,14026,1503
782330,823,DOOM Eternal,243663,1501
1963570,824,Cuisineer,15973,138
418370,825,Resident Evil 7 Biohazard,213195,1106
2333480,826,RAID: Shadow Legends,1695,763
2632050,827,Disney Dreamlight Valley: A Rift in Time,0,0
1164940,828,Trepang2,49413,230
602960,829,Barotrauma,131789,3731
521220,830,ENDLESS™ Legend - Tempest Expansion Pack,0,0
1644320,831,Railway Empire 2,17459,541
2075070,832,KinitoPET,8137,221
1606180,833,下一站江湖Ⅱ,18256,1531
2064650,834,Tower of Fantasy,78344,1053
504230,835,Celeste,97445,1823
1066890,836,Automobilista 2,29387,1071
451050,837,ENDLESS™ Legend - Shifters Expansion Pack,0,0
1062520,838,Dinkum,86210,1748
38400,839,Fallout,22938,1491
2458490,840,忍堕とし,12340,92
681280,841,Descenders,28251,444
17390,842,Spore,85856,1174
1583230,843,High On Life,86226,233
572890,844,Pikuniku,19196,343
629520,845,Soundpad,40219,18313
1366540,846,Dyson Sphere Program,233862,5251
2069310,847,RealFlight Evolution,2917,565
203770,848,Crusader Kings II,118896,2742
231430,849,Company of Heroes 2,158597,6199
2231450,850,Pizza Tower,47049,1274
477160,851,Human Fall Flat,552000,2152
1341290,852,We Were Here Forever,39511,568
947510,853,Sid Meier&apos;s Civilization® VI: Gathering Storm,0,0
266840,854,Age of Mythology: Extended Edition,98578,2769
2441700,855,UNDERDOGS,5965,34
1919590,856,NBA 2K23,50209,9496
1586800,857,Lil Gator Game,9141,91
220200,858,Kerbal Space Program,283680,2611
1237970,859,Titanfall® 2,189689,3514
2221920,860,Immortals Fenyx Rising,12460,134
677120,861,Heroes of Hammerwatch,34995,401
387990,862,Scrap Mechanic,317891,2256
1643320,863,"S.T.A.L.K.E.R. 2: Heart of Chornobyl</a></td>  <td data-sort=4>#4</td>  <td data-sort=208471>208,471</td> <td data-sort=0>0</td> </tr>  <tr class=app data-appid=374500 data-cache=1712157360> <td data-sort=864>#864</td> <td class=applogo text-left><a href=/app/374500/charts/ aria-hidden=true><img src=/static/img/applogo.svg alt=></a></td> <td><a href=/app/374500/charts/>ENDLESS™ Legend - Shadows Expansion Pack",0,0
246620,865,Plague Inc: Evolved,212154,498
2690330,866,Vampire Survivors: Emergency Meeting,0,0
1238840,867,Battlefield 1 ™,126441,14171
1433140,868,The Texas Chain Saw Massacre,55786,1150
433340,869,Slime Rancher,243926,1220
212680,870,FTL: Faster Than Light,60951,1761
2170970,871,Modern Warfare® III or Call of Duty®: Warzone™ Points,0,0
470220,872,UNO,147125,546
1588530,873,Dungeon Alchemist,46543,299
2510720,874,Artifact Seeker,9037,472
204360,875,Castle Crashers,175882,705
1850960,876,The Jackbox Party Pack 9,4611,180
2834020,877,Farming Simulator 22 - Farm Production Pack,0,0
2068280,878,Nordic Ashes,11422,1368
611790,879,House Party,126058,221
245390,880,"I Have No Mouth, and I Must Scream",8203,169
1920780,881,Stray Gods: The Roleplaying Musical,19519,55
1737100,882,Treasure of Nadia,47658,382
1954420,883,麻雀一番街 - 本格麻雀ゲーム,1907,699
568220,884,Lobotomy Corporation,104606,1675
1989270,885,Slay the Princess,35306,187
1566200,886,Tape to Tape,15271,168
356190,887,Middle-earth™: Shadow of War™,306360,2198
466560,888,Northgard,321331,2598
208650,889,Batman™: Arkham Knight,173939,2025
1350650,890,FreshWomen - Season 1,85502,200
680420,891,OUTRIDERS,124587,480
1288320,892,Way of the Hunter,32433,413
2638630,893,American Truck Simulator - Farm Machinery,0,0
1097430,894,依盖之书 book of yog,19321,1162
626690,895,Sword Art Online: Fatal Bullet,148506,289
1656370,896,Destiny 2: Bungie 30th Anniversary Pack,0,0
611670,897,The Elder Scrolls V: Skyrim VR,59477,364
874260,898,The Forgotten City,37862,102
2477660,899,Age of Empires III: Definitive Edition (Base Game),0,0
1990600,900,The Sims™ 4 Horse Ranch Expansion Pack,0,0
2194530,901,Yog-Sothoth&apos;s Yard,21381,1255
1432050,902,Nobody Saves the World,38990,259
2336220,903,Feed The Cups,11004,5313
1824060,904,Total War: WARHAMMER III - Champions of Chaos,0,0
1089090,905,ONE PIECE: PIRATE WARRIORS 4,69514,572
2775840,906,Call of Duty®: Modern Warfare® III - Emerald Pro Pack,0,0
2103140,907,Magicraft,19608,1907
2897810,908,THE FINALS - Bank Rabbit Set,0,0
844810,909,Stellaris: Distant Stars Story Pack,0,0
1634860,910,Minishoot&apos; Adventures,6210,185
611660,911,Fallout 4 VR,47082,321
1280930,912,Astral Ascent,22446,435
2823080,913,Sketchy&apos;s Contract,3887,314
987840,914,Expeditions: Rome,45376,360
493490,915,City Car Driving,55308,756
238370,916,Magicka 2,72034,229
2882070,917,Warframe: TennoCon 2024 Digital Pack,0,0
1235734,918,The Sims™ 4 Get To Work,0,0
1701060,919,X4: Tides of Avarice,0,0
490650,920,Fallout 4 - Nuka-World,0,0
2492640,921,Jurassic World Evolution 2: Prehistoric Marine Species Pack,0,0
684450,922,Surviving the Aftermath,56322,360
2450450,923,MEGATON MUSASHI W: WIRED,6253,304
582540,924,Project Highrise: Las Vegas,0,0
1058450,925,MY HERO ONE&apos;S JUSTICE 2,14468,99
864060,926,Marble It Up! Ultra,3159,58
1850570,927,DEATH STRANDING DIRECTOR&apos;S CUT,69901,1354
2440200,928,AURA: Hentai Cards,11127,74
459820,929,Crush Crush,33018,1398
1973710,930,ヘブンバーンズレッド,15859,3177
1594320,931,Captain of Industry,62829,2936
646910,932,The Crew 2,155427,592
1256670,933,Library Of Ruina,63980,1703
2369390,934,Far Cry 6,40419,1808
1223750,935,Cloud Meadow,50058,224
2140610,936,The Sims™ 4 For Rent Expansion Pack,0,0
1971650,937,OCTOPATH TRAVELER II,74185,1788
735730,938,Darkest Dungeon®: The Color of Madness,0,0
115300,939,Call of Duty®: Modern Warfare® 3 (2011),0,2
1090150,940,Destiny 2: Forsaken Pack,0,0
2725260,941,ENDER MAGNOLIA: Bloom in the Mist,17212,74
1151700,942,DayZ Livonia,0,0
1676840,943,For The King II,53850,856
1976440,944,CounterSide,7166,1587
1702010,945,Sengoku Dynasty,84185,411
2706300,946,MILF&apos;s Plaza,9626,133
2894270,947,Forza Horizon 5 Apex Allstars Car Pack,0,0
1295920,948,The Mortuary Assistant,32113,112
2235020,949,Contra: Operation Galuga,8938,37
1419170,950,My Singing Monsters,16835,1164
606150,951,Moonlighter,90501,369
1041320,952,Lords Mobile,11697,2270
1611430,953,The Bridge Curse Road to Salvation,10753,492
868360,954,Project Hospital,62805,670
2786680,955,美女，请别影响我学习,44220,775
2796180,956,SILENT BREATH,5295,54
365960,957,rFactor 2,29257,916
625960,958,Stoneshard,133356,663
627690,959,Idle Champions of the Forgotten Realms,23589,3859
523660,960,HYPERCHARGE: Unboxed,39616,79
673750,961,Super Bunny Man,53952,469
1076080,962,American Truck Simulator - Forest Machinery,0,0
1133000,963,X4: Split Vendetta,0,0
10180,964,Call of Duty: Modern Warfare 2 (2009),392994,505
1215820,965,Being a DIK - Season 2,0,0
1303183,966,Crusader Kings III: Northern Lords,0,0
1683150,967,Railroader,11381,815
2346550,968,Rise of Eros,8218,574
2700600,969,Assetto Corsa Competizione - GT2 Pack,0,0
1288460,970,X4: Cradle of Humanity,0,0
629760,971,MORDHAU,174386,2165
917950,972,Vellum,5177,74
1847150,973,Touhou Genso Wanderer -FORESIGHT-,1854,893
1531540,974,Distant Worlds 2,27484,233
1408610,975,Call of the Wild: The Angler™,25821,465
1220140,976,Cartel Tycoon,33465,201
493520,977,GTFO,286596,1392
1969870,978,生死狙击2,22119,1440
1380910,979,Stardeus,26358,153
1000360,980,Hellish Quart,56968,88
589360,981,Ni no Kuni™ II: Revenant Kingdom,111949,198
2102730,982,Dead by Daylight - Resident Evil: PROJECT W Chapter,0,0
824270,983,KovaaK&apos;s,33585,2060
752590,984,A Plague Tale: Innocence,159867,362
2419810,985,Escape Simulator: Magic DLC,0,0
900883,986,The Elder Scrolls IV: Oblivion® Game of the Year Edition Deluxe,6,0
287700,987,METAL GEAR SOLID V: THE PHANTOM PAIN,247991,2051
1650010,988,RIDE 5,8387,197
20900,989,The Witcher: Enhanced Edition,67637,949
1404210,990,Red Dead Online,65386,4022
1180380,991,Stay Out,57082,1876
1552350,992,The Jackbox Party Pack 8,7063,207
2206350,993,Farm Manager World,4029,334
1128810,994,RISK: Global Domination,28985,3745
2495450,995,Winter Memories,34475,696
2138710,996,Sifu,52714,571
1468720,997,Ultimate Epic Battle Simulator 2,34287,193
1332720,998,Thief Simulator 2,26337,288
532210,999,Life is Strange 2,80416,384
471710,1000,Rec Room,35704,2632
